Image_Key,Image_Idx,Model,IoU,Dice,HD95,Count_True,Count_Pred,Count_MAE,TP,FP,FN,Object_Precision,Object_Recall,Object_F1
1500cell_50RANK_A2-2,1,CellPose,0.10944,0.1972887222382463,385.30733770378276,11,1,10,1,0,10,0.9999990000010001,0.09090908264462885,0.16666648611114007
1500cell_50RANK_A2-2,1,CellProfiler,0.07340720221606649,0.1367741935483871,235.9744504892849,11,3,8,1,2,10,0.33333322222225925,0.09090908264462885,0.14285678571503574
1500cell_50RANK_A2-2,1,YOLO,0.0,0.0,500.0,11,0,11,0,0,11,0.0,0.0,0.0
600cell_Rank75_GLP1-2.1_B3_Tile_107,2,CellPose,0.4428762623190169,0.6138797537735053,173.245443843125,10,16,6,9,7,1,0.5624999648437522,0.8999999100000091,0.6923071656807972
600cell_Rank75_GLP1-2.1_B3_Tile_107,2,CellProfiler,0.30798150306402494,0.47092638900865164,148.69461872586652,10,33,23,10,23,0,0.30303029384756686,0.99999990000001,0.4651159004870113
600cell_Rank75_GLP1-2.1_B3_Tile_107,2,YOLO,0.2072909885613317,0.34339855184101065,222.00360331117452,10,2,8,2,0,8,0.99999950000025,0.19999998000000202,0.3333330000001667
600cell_Rank75_GLP1-2.1_B3_Tile_111,3,CellPose,0.39206798866855525,0.5632885632885632,81.40634254158262,14,13,1,9,4,5,0.6923076390532585,0.6428570969387788,0.6666661179701993
600cell_Rank75_GLP1-2.1_B3_Tile_111,3,CellProfiler,0.3162947937795808,0.4805835216765975,104.18924833956896,14,42,28,13,29,1,0.3095238021541952,0.9285713622449028,0.4642853227043762
600cell_Rank75_GLP1-2.1_B3_Tile_111,3,YOLO,0.3645804676753783,0.534348067133713,112.65431890399769,14,11,3,7,4,7,0.636363578512402,0.49999996428571686,0.5599994624004362
600cell_Rank75_GLP1-2.1_B3_Tile_112,4,CellPose,0.5337125251807087,0.6959746581163563,33.0,14,16,2,13,3,1,0.8124999492187531,0.9285713622449028,0.8666661111114006
600cell_Rank75_GLP1-2.1_B3_Tile_112,4,CellProfiler,0.3123349284799038,0.47599880442363257,149.41752473925817,14,51,37,14,37,0,0.2745097985390236,0.9999999285714337,0.43076887952688286
600cell_Rank75_GLP1-2.1_B3_Tile_112,4,YOLO,0.4181400102197241,0.5897020141966635,152.86120996481165,14,17,3,8,9,6,0.47058820761245834,0.5714285306122479,0.5161285036425165
600cell_Rank75_GLP1-2.1_B3_Tile_117,5,CellPose,0.4893393393393393,0.6571226938199415,136.91548214077122,4,8,4,4,4,0,0.4999999375000079,0.9999997500000625,0.6666661111114075
600cell_Rank75_GLP1-2.1_B3_Tile_117,5,CellProfiler,0.3116787725454991,0.4752364360378298,278.3303734995091,4,18,14,4,14,0,0.2222222098765439,0.9999997500000625,0.36363603305806086
600cell_Rank75_GLP1-2.1_B3_Tile_117,5,YOLO,0.3755924170616114,0.5460809646856158,320.81645395201286,4,3,1,2,1,2,0.6666664444445185,0.49999987500003124,0.5714279183678077
600cell_Rank75_GLP1-2.1_B3_Tile_123,6,CellPose,0.4021530444322545,0.5736221820137904,131.01594787656376,10,9,1,6,3,4,0.6666665925926009,0.599999940000006,0.6315783822718686
600cell_Rank75_GLP1-2.1_B3_Tile_123,6,CellProfiler,0.4601146060930865,0.6302445084420352,184.56894776000826,10,24,14,10,14,0,0.41666664930555625,0.99999990000001,0.5882348442909426
600cell_Rank75_GLP1-2.1_B3_Tile_123,6,YOLO,0.44401782653411037,0.61497554721998,196.61531991149968,10,6,4,5,1,5,0.8333331944444675,0.499999950000005,0.6249994531253537
600cell_Rank75_GLP1-2.1_B3_Tile_131,7,CellPose,0.24967254408060455,0.39958074659356607,350.3438202812393,3,7,4,3,4,0,0.4285713673469475,0.9999996666667778,0.599999460000286
600cell_Rank75_GLP1-2.1_B3_Tile_131,7,CellProfiler,0.21767507496913036,0.35752571345791684,335.75844267701666,3,12,9,3,9,0,0.2499999791666684,0.9999996666667778,0.3999996266668818
600cell_Rank75_GLP1-2.1_B3_Tile_131,7,YOLO,0.0,0.0,500.0,3,0,3,0,0,3,0.0,0.0,0.0
600cell_Rank75_GLP1-2.1_B3_Tile_146,8,CellPose,0.3186503200607573,0.48329767977620536,180.80928818348755,10,10,0,5,5,5,0.499999950000005,0.499999950000005,0.499999450000505
600cell_Rank75_GLP1-2.1_B3_Tile_146,8,CellProfiler,0.25607721639656816,0.40774120102457073,159.3225968553365,10,25,15,7,18,3,0.27999998880000043,0.699999930000007,0.3999995689799991
600cell_Rank75_GLP1-2.1_B3_Tile_146,8,YOLO,0.2828776538872766,0.4410048815335159,240.60327223563797,10,3,7,3,0,7,0.9999996666667778,0.299999970000003,0.46153803550319805
600cell_Rank75_GLP1-2.1_B3_Tile_160,9,CellPose,0.5658311345646438,0.7227230600724577,121.01652779682617,9,9,0,8,1,1,0.8888887901234679,0.8888887901234679,0.8888882901237493
600cell_Rank75_GLP1-2.1_B3_Tile_160,9,CellProfiler,0.27865577815639503,0.43585737915824296,137.91881072600447,9,24,15,8,16,1,0.333333319444445,0.8888887901234679,0.4848480587698271
600cell_Rank75_GLP1-2.1_B3_Tile_160,9,YOLO,0.2547292418772563,0.4060306134192657,202.09587852783787,9,3,6,3,0,6,0.9999996666667778,0.33333329629630043,0.4999995416669202
600cell_Rank75_GLP1-2.1_B3_Tile_22,10,CellPose,0.4131398772570861,0.5847119367390485,100.38096756063602,15,30,15,15,15,0,0.4999999833333339,0.9999999333333378,0.6666661925928853
600cell_Rank75_GLP1-2.1_B3_Tile_22,10,CellProfiler,0.2566541201774432,0.40847217393629826,144.32807681103742,15,56,41,15,41,0,0.2678571380739797,0.9999999333333378,0.4225348660982503
600cell_Rank75_GLP1-2.1_B3_Tile_22,10,YOLO,0.2860420836791486,0.44484093842532835,162.86251196842812,15,31,16,12,19,3,0.38709676170655605,0.7999999466666703,0.521738668242332
600cell_Rank75_GLP1-2.1_B3_Tile_24,11,CellPose,0.261054579093432,0.4140258215962441,108.80624926146271,6,22,16,6,16,0,0.27272726033057904,0.9999998333333611,0.42857106122473326
600cell_Rank75_GLP1-2.1_B3_Tile_24,11,CellProfiler,0.09547575309284216,0.17430920369216157,194.3167511093594,6,70,64,6,64,0,0.08571428448979594,0.9999998333333611,0.15789458725773312
600cell_Rank75_GLP1-2.1_B3_Tile_24,11,YOLO,0.2333189309301895,0.37835944146939593,138.6931657701179,6,17,11,4,13,2,0.23529410380622917,0.6666665555555741,0.347825671077915
600cell_Rank75_GLP1-2.1_B3_Tile_37,12,CellPose,0.22439641744548286,0.3665421006599348,333.31890808913494,4,13,9,3,10,1,0.23076921301775286,0.7499998125000469,0.352940775086844
600cell_Rank75_GLP1-2.1_B3_Tile_37,12,CellProfiler,0.08224944681310378,0.15199720740038897,323.0990496159691,4,59,55,4,55,0,0.06779660902039646,0.9999997500000625,0.12698400403132945
600cell_Rank75_GLP1-2.1_B3_Tile_37,12,YOLO,0.21208958056557223,0.34995694042120096,262.6409259299808,4,9,5,3,6,1,0.33333329629630043,0.7499998125000469,0.4615379644974229
600cell_Rank75_GLP1-2.1_B3_Tile_38,13,CellPose,0.14595837366892547,0.25473590842854427,180.61616610668653,6,51,45,6,45,0,0.11764705651672439,0.9999998333333611,0.21052612003708138
600cell_Rank75_GLP1-2.1_B3_Tile_38,13,CellProfiler,0.13201049752141855,0.23323193170109416,185.5545740796514,6,67,61,6,61,0,0.08955223746936959,0.9999998333333611,0.16438340626771192
600cell_Rank75_GLP1-2.1_B3_Tile_38,13,YOLO,0.4545176422598409,0.6249737081960317,139.3047018841152,6,12,6,6,6,0,0.4999999583333368,0.9999998333333611,0.6666661481484404
600cell_Rank75_GLP1-2.1_B3_Tile_40,14,CellPose,0.17790113666402327,0.302064631956912,161.04595607344922,4,28,24,4,24,0,0.14285713775510223,0.9999997500000625,0.24999976562515727
600cell_Rank75_GLP1-2.1_B3_Tile_40,14,CellProfiler,0.09170288501248795,0.16799971177403084,177.99100896520483,4,67,63,4,63,0,0.0597014916462464,0.9999997500000625,0.1126759468360235
600cell_Rank75_GLP1-2.1_B3_Tile_40,14,YOLO,0.25557837097878167,0.407108591365024,166.2332549641387,4,12,8,3,9,1,0.2499999791666684,0.7499998125000469,0.3749995781253496
600cell_Rank75_GLP1-2.1_B3_Tile_69,15,CellPose,0.39355563301188956,0.5648222771864492,53.75872022286245,14,25,11,13,12,1,0.5199999792000009,0.9285713622449028,0.6666661722554107
600cell_Rank75_GLP1-2.1_B3_Tile_69,15,CellProfiler,0.2824826965280513,0.44052476854898864,97.05488107705155,14,52,38,14,38,0,0.2692307640532545,0.9999999285714337,0.42424207713524
600cell_Rank75_GLP1-2.1_B3_Tile_69,15,YOLO,0.4693144299864051,0.6388209635846936,56.85068161420758,14,27,13,14,13,0,0.5185184993141296,0.9999999285714337,0.6829263462227796
600cell_Rank75_GLP1-2.1_B3_Tile_74,16,CellPose,0.338336192109777,0.5056071771867992,166.4609045960542,3,5,2,3,2,0,0.599999880000024,0.9999996666667778,0.7499993437503243
600cell_Rank75_GLP1-2.1_B3_Tile_74,16,CellProfiler,0.1346842011093219,0.23739504080104074,240.49739595071952,3,29,26,3,26,0,0.10344827229488716,0.9999996666667778,0.18749981835948848
600cell_Rank75_GLP1-2.1_B3_Tile_74,16,YOLO,0.2904203718674212,0.45011746280344556,277.09339310081367,3,4,1,2,2,1,0.49999987500003124,0.6666664444445185,0.5714279183678077
600cell_Rank75_GLP1-2.1_B3_Tile_83,17,CellPose,0.4193800723574851,0.5909341416368146,92.97469907013186,10,23,13,10,13,0,0.4347825897920613,0.99999990000001,0.6060601469240705
600cell_Rank75_GLP1-2.1_B3_Tile_83,17,CellProfiler,0.24900326205146792,0.3987231572838073,110.88155825192487,10,50,40,10,40,0,0.1999999960000001,0.99999990000001,0.3333330444446615
600cell_Rank75_GLP1-2.1_B3_Tile_83,17,YOLO,0.4958312627684832,0.6629507954671293,81.94810658550298,10,20,10,10,10,0,0.4999999750000012,0.99999990000001,0.6666661777780697
600cell_Rank75_GLP1-2.1_B3_Tile_84,18,CellPose,0.3711063372717508,0.5413239326282805,75.09726451991521,23,39,16,22,17,1,0.5641025496383962,0.9565216975425348,0.7096769297609716
600cell_Rank75_GLP1-2.1_B3_Tile_84,18,CellProfiler,0.4251371876114915,0.5966263336710973,79.90619500389191,23,53,30,23,30,0,0.43396225596297633,0.999999956521741,0.6052627198756371
600cell_Rank75_GLP1-2.1_B3_Tile_84,18,YOLO,0.5217887183386399,0.6857571120756956,75.87048261644475,23,25,2,17,8,6,0.679999972800001,0.7391304026465042,0.7083328046878529
600cell_Rank75_GLP1-2.1_B3_Tile_87,19,CellPose,0.6310808420307801,0.7738192072013448,65.38883660554022,14,13,1,10,3,4,0.7692307100591762,0.7142856632653098,0.7407401865572679
600cell_Rank75_GLP1-2.1_B3_Tile_87,19,CellProfiler,0.44639402228300756,0.6172509225092251,75.42111969331867,14,32,18,13,19,1,0.4062499873046879,0.9285713622449028,0.5652169432895366
600cell_Rank75_GLP1-2.1_B3_Tile_87,19,YOLO,0.427971558143441,0.5994118800235247,96.39637301656602,14,15,1,6,9,8,0.39999997333333515,0.42857139795918586,0.41379257550595544
600cell_Rank75_GLP1-3.1_B4_Tile_118,20,CellPose,0.31953719851971585,0.48431707552948006,95.06020908865447,20,11,9,11,0,9,0.9999999090909174,0.5499999725000013,0.7096769157130921
600cell_Rank75_GLP1-3.1_B4_Tile_118,20,CellProfiler,0.3898472912907627,0.560992986400266,118.98420360712123,20,49,29,20,29,0,0.4081632569762601,0.9999999500000024,0.5797097164464126
600cell_Rank75_GLP1-3.1_B4_Tile_118,20,YOLO,0.5419956387698324,0.702979470424733,69.62937202165772,20,16,4,14,2,6,0.8749999453125034,0.6999999650000017,0.777777240741056
600cell_Rank75_GLP1-3.1_B4_Tile_119,21,CellPose,0.37377845861285725,0.5441611873726304,237.72624838865917,10,15,5,9,6,1,0.5999999600000027,0.8999999100000091,0.7199994624003214
600cell_Rank75_GLP1-3.1_B4_Tile_119,21,CellProfiler,0.23904270091997917,0.38585062603975134,225.58224521622327,10,56,46,9,47,1,0.16071428284438782,0.8999999100000091,0.2727270073464172
600cell_Rank75_GLP1-3.1_B4_Tile_119,21,YOLO,0.4039797259245354,0.5754780050808932,155.01741283426242,10,15,5,5,10,5,0.3333333111111126,0.499999950000005,0.39999948800057533
600cell_Rank75_GLP1-3.1_B4_Tile_125,22,CellPose,0.5190690095565245,0.6834041196167394,77.0,17,24,7,17,7,0,0.7083333038194456,0.999999941176474,0.8292677668057575
600cell_Rank75_GLP1-3.1_B4_Tile_125,22,CellProfiler,0.6171005115859164,0.7632184977552398,72.76934243726772,17,32,15,17,15,0,0.5312499833984381,0.999999941176474,0.6938770695546457
600cell_Rank75_GLP1-3.1_B4_Tile_125,22,YOLO,0.6480962006517883,0.7864786053089371,35.860744232655826,17,20,3,16,4,1,0.799999960000002,0.9411764152249167,0.8648643214027711
600cell_Rank75_GLP1-3.1_B4_Tile_143,23,CellPose,0.28429322828407316,0.4427232380005826,108.3759565552889,14,22,8,9,13,5,0.4090908904958686,0.6428570969387788,0.49999949691403095
600cell_Rank75_GLP1-3.1_B4_Tile_143,23,CellProfiler,0.3771484600299919,0.5477237508899778,84.02737580882703,14,56,42,14,42,0,0.24999999553571436,0.9999999285714337,0.3999996685716746
600cell_Rank75_GLP1-3.1_B4_Tile_143,23,YOLO,0.42203252763051485,0.593562410747008,83.02889889265064,14,22,8,9,13,5,0.4090908904958686,0.6428570969387788,0.49999949691403095
600cell_Rank75_GLP1-3.1_B4_Tile_20,24,CellPose,0.4640502354788069,0.6339266566588033,107.70785851814013,3,7,4,3,4,0,0.4285713673469475,0.9999996666667778,0.599999460000286
600cell_Rank75_GLP1-3.1_B4_Tile_20,24,CellProfiler,0.06244995996797438,0.1175584024114544,225.71165037702826,3,59,56,3,56,0,0.050847456765297346,0.9999996666667778,0.09677409833512907
600cell_Rank75_GLP1-3.1_B4_Tile_20,24,YOLO,0.3935096809380965,0.5647749510763209,180.48043853202515,3,8,5,3,5,0,0.3749999531250059,0.9999996666667778,0.5454540495870459
600cell_Rank75_GLP1-3.1_B4_Tile_22,25,CellPose,0.3589996607974344,0.528329286832611,121.68196093028429,10,24,14,10,14,0,0.41666664930555625,0.99999990000001,0.5882348442909426
600cell_Rank75_GLP1-3.1_B4_Tile_22,25,CellProfiler,0.3384010206251329,0.5056795615219636,168.0,10,47,37,9,38,1,0.19148935762788602,0.8999999100000091,0.31578917328433814
600cell_Rank75_GLP1-3.1_B4_Tile_22,25,YOLO,0.5271998070080213,0.6904136637377826,112.10930991409703,10,17,7,9,8,1,0.5294117335640156,0.8999999100000091,0.6666661508919574
600cell_Rank75_GLP1-3.1_B4_Tile_37,26,CellPose,0.49936604539115,0.6661029131960594,184.66965854820612,4,4,0,2,2,2,0.49999987500003124,0.49999987500003124,0.4999993750005312
600cell_Rank75_GLP1-3.1_B4_Tile_37,26,CellProfiler,0.17916537318728104,0.30388506525254805,277.0,4,44,40,4,40,0,0.09090908884297526,0.9999997500000625,0.16666650694455587
600cell_Rank75_GLP1-3.1_B4_Tile_37,26,YOLO,0.37956337450435257,0.5502659486603456,227.30399517192822,4,15,11,4,11,0,0.2666666488888901,0.9999997500000625,0.4210522548478773
600cell_Rank75_GLP1-3.1_B4_Tile_38,27,CellPose,0.32738166855162787,0.49327435553460713,103.1479485457916,9,42,33,9,33,0,0.2142857091836736,0.9999998888889013,0.35294087197254187
600cell_Rank75_GLP1-3.1_B4_Tile_38,27,CellProfiler,0.2669140183900629,0.42136090455332587,125.13193037750197,9,51,42,9,42,0,0.1764705847750866,0.9999998888889013,0.29999973500020083
600cell_Rank75_GLP1-3.1_B4_Tile_38,27,YOLO,0.5019282330040034,0.6683784510796469,119.21388326860942,9,15,6,8,7,1,0.5333332977777802,0.8888887901234679,0.6666661423614402
600cell_Rank75_GLP1-3.1_B4_Tile_49,28,CellPose,0.4154073169490663,0.586979185390229,102.28194406213882,15,25,10,14,11,1,0.5599999776000009,0.9333332711111153,0.6999994962503125
600cell_Rank75_GLP1-3.1_B4_Tile_49,28,CellProfiler,0.3108949015023894,0.47432467873065826,107.66425761573436,15,34,19,13,21,2,0.3823529299307962,0.8666666088888928,0.5306117984176612
600cell_Rank75_GLP1-3.1_B4_Tile_49,28,YOLO,0.22390509587405805,0.3658863691782492,233.9137624263757,15,6,9,4,2,11,0.6666665555555741,0.2666666488888901,0.38095193650835973
600cell_Rank75_GLP1-3.1_B4_Tile_64,29,CellPose,0.43209279845335913,0.6034424569692879,166.01678303783683,11,13,2,9,4,2,0.6923076390532585,0.8181817438016598,0.7499994409725557
600cell_Rank75_GLP1-3.1_B4_Tile_64,29,CellProfiler,0.33456545654565456,0.5013848588762859,153.68799562750502,11,48,37,11,37,0,0.22916666189236123,0.9999999090909174,0.37288103993128824
600cell_Rank75_GLP1-3.1_B4_Tile_64,29,YOLO,0.5555276886035313,0.7142626809841669,136.5963570048265,11,12,1,9,3,2,0.7499999375000053,0.8181817438016598,0.7826081285447475
600cell_Rank75_GLP1-3.1_B4_Tile_82,30,CellPose,0.4751246537396122,0.6441823781266431,64.81512169239521,16,16,0,12,4,4,0.7499999531250029,0.7499999531250029,0.7499994531253362
600cell_Rank75_GLP1-3.1_B4_Tile_82,30,CellProfiler,0.4320118450474406,0.6033635078390411,92.20654888450709,16,45,29,15,30,1,0.3333333259259261,0.9374999414062536,0.49180287557138075
600cell_Rank75_GLP1-3.1_B4_Tile_82,30,YOLO,0.6181066176470589,0.7639875035501278,34.174473340028,16,18,2,15,3,1,0.8333332870370396,0.9374999414062536,0.8823523910037444
600cell_Rank75_GLP1-3.1_B4_Tile_97,31,CellPose,0.4372212048645349,0.6084257640851397,59.11978249648662,24,31,7,21,10,3,0.677419332986473,0.8749999635416682,0.7636358439672595
600cell_Rank75_GLP1-3.1_B4_Tile_97,31,CellProfiler,0.4808216231717809,0.6493984361761359,78.31984996817482,24,50,26,23,27,1,0.4599999908000002,0.9583332934027794,0.6216211665452295
600cell_Rank75_GLP1-3.1_B4_Tile_97,31,YOLO,0.5983525751966176,0.7487116228070175,47.1794360134933,24,29,5,22,7,2,0.7586206634958391,0.9166666284722238,0.8301881523676871
700cell_Rank100_VIMU1_G4.tif_Tile_33,32,CellPose,0.19376986649713923,0.32463521141761637,180.72546937932273,7,3,4,2,1,5,0.6666664444445185,0.285714244897965,0.39999950000042495
700cell_Rank100_VIMU1_G4.tif_Tile_33,32,CellProfiler,0.06055483742666799,0.1141946371648228,107.97407018312845,7,23,16,3,20,4,0.1304347769376184,0.4285713673469475,0.1999996288895108
700cell_Rank100_VIMU1_G4.tif_Tile_33,32,YOLO,0.2909617612977984,0.45076743559824073,176.03595368889316,7,5,2,3,2,4,0.599999880000024,0.4285713673469475,0.4999994305560375
700cell_Rank75_VIMU1.30_D2_Tile_52,33,CellPose,0.12301075268817205,0.21907315204902336,234.2393993473397,5,2,3,1,1,4,0.499999750000125,0.199999960000008,0.28571379591892127
700cell_Rank75_VIMU1.30_D2_Tile_52,33,CellProfiler,0.09782449992699664,0.17821518818991888,253.90145726209565,5,31,26,5,26,0,0.1612903173777317,0.99999980000004,0.27777752314832604
700cell_Rank75_VIMU1.30_D2_Tile_52,33,YOLO,0.6668792517006803,0.8001530417038643,6.708203932499369,5,5,0,5,0,0,0.99999980000004,0.99999980000004,0.99999930000029
700cell_Rank75_VIMU1.50_G2_Tile_38,34,CellPose,0.1659643435980551,0.28468167917709203,181.29447458066915,19,4,15,4,0,15,0.9999997500000625,0.21052630470914185,0.34782576937638454
700cell_Rank75_VIMU1.50_G2_Tile_38,34,CellProfiler,0.13559978959607985,0.23881615836563544,133.78751640572983,19,36,17,10,26,9,0.2777777700617286,0.5263157617728547,0.36363589818237757
700cell_Rank75_VIMU1.50_G2_Tile_38,34,YOLO,0.2659283980582524,0.4201318154583583,153.16797436762212,19,10,9,8,2,11,0.7999999200000081,0.4210526094182837,0.551723648038416
700cell_Rank75_VIMU1.50_G2_Tile_56,35,CellPose,0.1298401455712301,0.22983808121915317,111.14022563659715,16,44,28,11,33,5,0.24999999431818196,0.6874999570312527,0.36666626333374364
700cell_Rank75_VIMU1.50_G2_Tile_56,35,CellProfiler,0.08175724998340965,0.1511563707747991,109.9317970379817,16,41,25,9,32,7,0.21951218976799539,0.5624999648437522,0.3157890587878292
700cell_Rank75_VIMU1.50_G2_Tile_56,35,YOLO,0.19235955056179777,0.3226535996984546,271.0,16,10,6,3,7,13,0.299999970000003,0.18749998828125072,0.23076873964593872
700cell_Rank75_VehC_B10 (1)_Tile_120,36,CellPose,0.24057084607543322,0.38783894823336074,95.70423055284311,12,24,12,6,18,6,0.24999998958333375,0.4999999583333368,0.33333287037095777
700cell_Rank75_VehC_B10 (1)_Tile_120,36,CellProfiler,0.1651967111238587,0.2835516261705248,149.07766186775092,12,78,66,11,67,1,0.14102563921762,0.9166665902777842,0.24444420790144125
700cell_Rank75_VehC_B10 (1)_Tile_120,36,YOLO,0.3886786375714631,0.5597819784297808,89.48182844424976,12,8,4,6,2,6,0.7499999062500118,0.4999999583333368,0.5999994600003861
700cell_Rank75_VehC_B10 (1)_Tile_44,37,CellPose,0.19639435020228546,0.3283103939250119,197.9090700296477,4,33,29,4,29,0,0.12121211753902675,0.9999997500000625,0.21621601168750249
700cell_Rank75_VehC_B10 (1)_Tile_44,37,CellProfiler,0.10128601723768944,0.18394134793746136,189.9692049805074,4,61,57,4,57,0,0.06557376941682345,0.9999997500000625,0.12307680378706712
700cell_Rank75_VehC_B10 (1)_Tile_44,37,YOLO,0.0,0.0,500.0,4,0,4,0,0,4,0.0,0.0,0.0
700cell_Rank75_VehC_B10 (1)_Tile_96,38,CellPose,0.2442521631644005,0.3926087820385456,223.67630920882843,4,5,1,2,3,2,0.399999920000016,0.49999987500003124,0.4444438518524197
700cell_Rank75_VehC_B10 (1)_Tile_96,38,CellProfiler,0.038280501858434374,0.07373826589233932,246.98582955303326,4,58,54,4,54,0,0.0689655160523187,0.9999997500000625,0.12903213319467757
700cell_Rank75_VehC_B10 (1)_Tile_96,38,YOLO,0.06453959078990182,0.1212535284704867,225.20768146140566,4,18,14,2,16,2,0.11111110493827195,0.49999987500003124,0.18181786776904657
700cell_Rank75_VehC_D10_Tile_114,39,CellPose,0.640889968339333,0.7811492308505577,124.40976457418117,11,10,1,9,1,2,0.8999999100000091,0.8181817438016598,0.857142276644289
700cell_Rank75_VehC_D10_Tile_114,39,CellProfiler,0.2892778008586068,0.4487439412451832,123.68326409749066,11,54,43,9,45,2,0.16666666358024698,0.8181817438016598,0.27692278721920727
700cell_Rank75_VehC_D10_Tile_114,39,YOLO,0.46265608139355635,0.6326245619582115,135.0425026210669,11,12,1,6,6,5,0.4999999583333368,0.5454544958677732,0.5217385860118234
700cell_Rank75_VehC_D10_Tile_130,40,CellPose,0.4035420450902874,0.5750337818548618,304.95074913829734,11,7,4,6,1,5,0.857142734693895,0.5454544958677732,0.6666661172842924
700cell_Rank75_VehC_D10_Tile_130,40,CellProfiler,0.3681475676653204,0.5381693851834227,143.04369909341924,11,51,40,10,41,1,0.19607842752787397,0.9090908264462886,0.32258034287225934
700cell_Rank75_VehC_D10_Tile_130,40,YOLO,0.49442789798615355,0.6616952194915925,149.8047061919045,11,9,2,7,2,4,0.7777776913580343,0.636363578512402,0.6999994350003561
800cell 75RANKL W5.jpg_Tile_25,41,CellPose,0.5635219419003202,0.7208366276144613,28.785281374238604,9,10,1,9,1,0,0.8999999100000091,0.9999998888889013,0.9473678227149543
800cell 75RANKL W5.jpg_Tile_25,41,CellProfiler,0.5360836501901141,0.6979875739498502,269.9330451735911,9,19,10,9,10,0,0.47368418559556913,0.9999998888889013,0.6428566607145759
800cell 75RANKL W5.jpg_Tile_25,41,YOLO,0.5887274780555413,0.7411308562197092,47.18468504335461,9,10,1,8,2,1,0.7999999200000081,0.8888887901234679,0.8421046759005814
800cell 75RANKL W5.jpg_Tile_40,42,CellPose,0.571463624095203,0.7273011164025295,167.15740945667068,7,15,8,5,10,2,0.3333333111111126,0.7142856122449125,0.45454497933924887
800cell 75RANKL W5.jpg_Tile_40,42,CellProfiler,0.4868177942012507,0.6548452622774525,185.36433435298548,7,20,13,7,13,0,0.34999998250000086,0.9999998571428775,0.5185180960222181
800cell 75RANKL W5.jpg_Tile_40,42,YOLO,0.6169123027072227,0.7630745361691125,95.92206399496149,7,8,1,6,2,1,0.7499999062500118,0.857142734693895,0.7999993955558788
800cell 75RANKL W5.jpg_Tile_70,43,CellPose,0.6191290619655309,0.7647680182010238,134.52768987084102,11,24,13,11,13,0,0.4583333142361119,0.9999999090909174,0.6285709616329428
800cell 75RANKL W5.jpg_Tile_70,43,CellProfiler,0.5606845162919929,0.718511025692899,86.69082381374191,11,28,17,11,17,0,0.3928571288265311,0.9999999090909174,0.5641021301777973
800cell 75RANKL W5.jpg_Tile_70,43,YOLO,0.728496993987976,0.8429253814404304,29.0,11,13,2,11,2,0,0.8461537810650938,0.9999999090909174,0.9166660937502749
B10_Tile_18,44,CellPose,0.4265910271263633,0.5980565123638298,104.6935725837709,17,19,2,12,7,5,0.6315789141274255,0.7058823114186875,0.666666131173214
B10_Tile_18,44,CellProfiler,0.5399175804987079,0.701229192180342,84.49970095959007,17,26,9,16,10,1,0.6153845917159773,0.9411764152249167,0.744185533802362
B10_Tile_18,44,YOLO,0.3949214128781477,0.566227472361048,88.0042612260754,17,11,6,9,2,8,0.8181817438016598,0.5294117335640156,0.6428566198983133
B10_Tile_35,45,CellPose,0.47694174757281554,0.6458504519309778,72.43583300021444,23,18,5,17,1,6,0.9444443919753115,0.7391304026465042,0.8292677596671589
B10_Tile_35,45,CellProfiler,0.5008797476034462,0.6674482061647297,138.78400259702107,23,34,11,18,16,5,0.5294117491349486,0.7826086616257103,0.6315784438292369
B10_Tile_35,45,YOLO,0.45635327401697484,0.6267068329626397,71.33196843292602,23,17,6,14,3,9,0.8235293633218022,0.6086956257088858,0.6999994762503419
B10_Tile_45,46,CellPose,0.5657261062089919,0.722637380785269,78.987148626404,34,25,9,25,0,9,0.9999999600000016,0.7352940960207619,0.8474571100261363
B10_Tile_45,46,CellProfiler,0.6152155185218192,0.7617751457524874,31.52290584625024,34,32,2,28,4,6,0.874999972656251,0.8235293875432533,0.8484843232326182
B10_Tile_45,46,YOLO,0.46602317848726477,0.6357650892916126,76.36294435470988,34,18,16,18,0,16,0.9999999444444475,0.5294117491349486,0.6923072130180448
B10_Tile_49,47,CellPose,0.35766084830086853,0.5268780472656128,191.98241865516994,20,18,2,8,10,12,0.4444444197530878,0.399999980000001,0.4210521108039155
B10_Tile_49,47,CellProfiler,0.42064480841107293,0.5921885694729637,72.87338613285604,20,35,15,17,18,3,0.4857142718367351,0.8499999575000021,0.6181813328929067
B10_Tile_49,47,YOLO,0.39873389702952766,0.5701354601848335,124.33808396603712,20,11,9,9,2,11,0.8181817438016598,0.4499999775000011,0.5806446659733029
B10_Tile_73,48,CellPose,0.4692553403873029,0.6387662205312861,133.99712911775742,30,17,13,14,3,16,0.8235293633218022,0.4666666511111116,0.595744193753185
B10_Tile_73,48,CellProfiler,0.5424052615095522,0.7033239253588905,129.87339983740466,30,18,12,15,3,15,0.8333332870370396,0.4999999833333339,0.6249995052086834
B10_Tile_73,48,YOLO,0.5472933167506709,0.7074202555207716,133.0656999324112,30,17,13,16,1,14,0.9411764152249167,0.5333333155555561,0.6808505731103155
B10_Tile_76,49,CellPose,0.6431533357906377,0.7828281412107787,62.20128616033595,25,18,7,18,0,7,0.9999999444444475,0.7199999712000011,0.837208776636303
B10_Tile_76,49,CellProfiler,0.5315844605365032,0.6941627761753248,85.28774824088158,25,14,11,13,1,12,0.9285713622449028,0.5199999792000009,0.6666661722554107
B10_Tile_76,49,YOLO,0.5210918114143921,0.6851549755301795,113.63538181394033,25,15,10,13,2,12,0.8666666088888928,0.5199999792000009,0.6499994987503367
C10_Tile_35,50,CellPose,0.11246328157784305,0.2021878536401358,369.75188408437316,5,1,4,1,0,4,0.9999990000010001,0.199999960000008,0.33333294444456485
C10_Tile_35,50,CellProfiler,0.4161344537815126,0.5877047234749585,139.0898989862312,5,13,8,5,8,0,0.3846153550295881,0.99999980000004,0.5555550925928674
C10_Tile_35,50,YOLO,0.3899310177901489,0.5610796691336526,120.82632099786807,5,6,1,4,2,1,0.6666665555555741,0.799999840000032,0.7272720991739144
C10_Tile_48,51,CellPose,0.43943680948531394,0.6105676978518276,155.5281053592407,17,11,6,10,1,7,0.9090908264462886,0.588235259515573,0.7142851862248089
C10_Tile_48,51,CellProfiler,0.4170929135422357,0.5886599383235211,122.11695212316263,17,20,3,9,11,8,0.4499999775000011,0.5294117335640156,0.4864859634774987
C10_Tile_48,51,YOLO,0.39818709209572156,0.5695762667911415,155.69828151625265,17,7,10,7,0,10,0.9999998571428775,0.4117646816609011,0.58333287152806
C10_Tile_63,52,CellPose,0.4687191182060053,0.6382692407225299,71.41183298864492,11,16,5,10,6,1,0.6249999609375024,0.9090908264462886,0.740740203018149
C10_Tile_63,52,CellProfiler,0.33440022265516284,0.5011992908541036,125.68929728950643,11,22,11,10,12,1,0.4545454338842984,0.9090908264462886,0.6060601248855373
C10_Tile_63,52,YOLO,0.41367107468802383,0.5852437417654809,275.5357924938041,11,11,0,7,4,4,0.636363578512402,0.636363578512402,0.6363630785127949
C10_Tile_77,53,CellPose,0.5125707814269536,0.677747828691225,233.22392313419,6,11,5,6,5,0,0.5454544958677732,0.9999998333333611,0.7058818131490842
C10_Tile_77,53,CellProfiler,0.42248095197328994,0.5940057775637939,217.5172201531971,6,13,7,6,7,0,0.4615384260355057,0.9999998333333611,0.631578448753751
C10_Tile_77,53,YOLO,0.5256808854620072,0.689109879360939,229.15221414979032,6,8,2,4,4,2,0.4999999375000079,0.6666665555555741,0.5714280000004287
Copy of 600cell_Rank75_GLP1-2.1_C3_Tile_100,54,CellPose,0.2432987848463188,0.3913762127200862,140.42791745233566,5,25,20,5,20,0,0.19999999200000032,0.99999980000004,0.3333330333335367
Copy of 600cell_Rank75_GLP1-2.1_C3_Tile_100,54,CellProfiler,0.08562326227988878,0.15774028662590303,223.77370311638907,5,60,55,5,55,0,0.08333333194444448,0.99999980000004,0.15384600710070095
Copy of 600cell_Rank75_GLP1-2.1_C3_Tile_100,54,YOLO,0.18867394586244426,0.3174528162566087,232.19216004993635,5,15,10,4,11,1,0.2666666488888901,0.799999840000032,0.39999958500033056
Copy of 600cell_Rank75_GLP1-2.1_C3_Tile_110,55,CellPose,0.2843906175901944,0.44284131898094237,206.66043457641405,7,27,20,6,21,1,0.22222221399176983,0.857142734693895,0.352940828720007
Copy of 600cell_Rank75_GLP1-2.1_C3_Tile_110,55,CellProfiler,0.260232453944074,0.4129911955998912,202.79298255875386,7,39,32,7,32,0,0.17948717488494426,0.9999998571428775,0.30434755482061426
Copy of 600cell_Rank75_GLP1-2.1_C3_Tile_110,55,YOLO,0.5074229766402384,0.673232376716439,167.30061746340527,7,12,5,7,5,0,0.5833332847222263,0.9999998571428775,0.7368415623271648
Copy of 600cell_Rank75_GLP1-2.1_C3_Tile_118,56,CellPose,0.326743264659271,0.4925493475079882,147.03902566699963,11,7,4,7,0,4,0.9999998571428775,0.636363578512402,0.7777772160496772
Copy of 600cell_Rank75_GLP1-2.1_C3_Tile_118,56,CellProfiler,0.3031903815204014,0.46530481780670657,183.40360136212414,11,49,38,11,38,0,0.22448979133694305,0.9999999090909174,0.3666663550002316
Copy of 600cell_Rank75_GLP1-2.1_C3_Tile_118,56,YOLO,0.41914037231366347,0.5906961432297602,177.24234216238315,11,12,1,6,6,5,0.4999999583333368,0.5454544958677732,0.5217385860118234
Copy of 600cell_Rank75_GLP1-2.1_C3_Tile_136,57,CellPose,0.2706639566395664,0.426019728072514,237.01898658124415,4,7,3,3,4,1,0.4285713673469475,0.7499998125000469,0.5454539834714716
Copy of 600cell_Rank75_GLP1-2.1_C3_Tile_136,57,CellProfiler,0.07970562554571535,0.14764325323475047,236.98786646241007,4,40,36,4,36,0,0.09999999750000006,0.9999997500000625,0.18181800826458303
Copy of 600cell_Rank75_GLP1-2.1_C3_Tile_136,57,YOLO,0.3197358197358197,0.4845451869296438,279.1847868743189,4,6,2,3,3,1,0.49999991666668053,0.7499998125000469,0.5999994000004001
Copy of 600cell_Rank75_GLP1-2.1_C3_Tile_146,58,CellPose,0.4092548076923077,0.5808102345415779,88.76936408468859,15,18,3,12,6,3,0.6666666296296316,0.7999999466666703,0.7272721873281641
Copy of 600cell_Rank75_GLP1-2.1_C3_Tile_146,58,CellProfiler,0.4258492298276038,0.597327152014652,91.67878707749138,15,44,29,15,29,0,0.3409090831611572,0.9999999333333378,0.5084741798336565
Copy of 600cell_Rank75_GLP1-2.1_C3_Tile_146,58,YOLO,0.5710752175467875,0.7269864754642539,73.17091645652685,15,20,5,13,7,2,0.6499999675000016,0.8666666088888928,0.7428566106125692
Copy of 600cell_Rank75_GLP1-2.1_C3_Tile_157,59,CellPose,0.0,0.0,500.0,7,0,7,0,0,7,0.0,0.0,0.0
Copy of 600cell_Rank75_GLP1-2.1_C3_Tile_157,59,CellProfiler,0.11125607016017974,0.2002348030263501,165.21296828556785,7,41,34,7,34,0,0.1707317031528853,0.9999998571428775,0.2916664053821369
Copy of 600cell_Rank75_GLP1-2.1_C3_Tile_157,59,YOLO,0.1107923105299832,0.19948339483394834,116.59154210163058,7,10,3,2,8,5,0.19999998000000202,0.285714244897965,0.23529360553732914
Copy of 600cell_Rank75_GLP1-2.1_C3_Tile_55,60,CellPose,0.3784893267651888,0.5491363907087552,136.6661927743279,13,18,5,11,7,2,0.6111110771604957,0.8461537810650938,0.7096768865768183
Copy of 600cell_Rank75_GLP1-2.1_C3_Tile_55,60,CellProfiler,0.22475938189845474,0.3670261852578152,132.82544929190297,13,58,45,13,45,0,0.22413792717003575,0.9999999230769291,0.3661968736364167
Copy of 600cell_Rank75_GLP1-2.1_C3_Tile_55,60,YOLO,0.3950823702975166,0.566392893651521,73.00410926773647,13,11,2,8,3,5,0.7272726611570308,0.615384568047341,0.6666661145837073
Copy of 600cell_Rank75_GLP1-2.1_C3_Tile_61,61,CellPose,0.3031928109988405,0.46530767886366164,171.54459650731764,11,53,42,11,42,0,0.2075471658953365,0.9999999090909174,0.3437497045900664
Copy of 600cell_Rank75_GLP1-2.1_C3_Tile_61,61,CellProfiler,0.24466754287343034,0.39314521259001045,150.3944797291942,11,62,51,11,51,0,0.17741935197710723,0.9999999090909174,0.3013695987992285
Copy of 600cell_Rank75_GLP1-2.1_C3_Tile_61,61,YOLO,0.3535862616081012,0.5224436323519271,213.2650913971498,11,6,5,5,1,6,0.8333331944444675,0.4545454132231443,0.5882347681664426
Copy of 600cell_Rank75_GLP1-2.1_C3_Tile_62,62,CellPose,0.5126219331953887,0.677792542796842,244.45278039803983,8,4,4,4,0,4,0.9999997500000625,0.4999999375000079,0.6666661111114075
Copy of 600cell_Rank75_GLP1-2.1_C3_Tile_62,62,CellProfiler,0.18567998703804628,0.3132042187907624,180.89153908844548,8,47,39,8,39,0,0.1702127623358987,0.9999998750000157,0.2909088317357318
Copy of 600cell_Rank75_GLP1-2.1_C3_Tile_62,62,YOLO,0.2947129480752861,0.45525604499963473,188.9775025209254,8,13,5,6,7,2,0.4615384260355057,0.7499999062500118,0.5714280453518631
Copy of 600cell_Rank75_GLP1-2.1_C3_Tile_63,63,CellPose,0.37960930023081685,0.5503142087652003,194.94066402901834,6,20,14,6,14,0,0.29999998500000075,0.9999998333333611,0.46153807100617067
Copy of 600cell_Rank75_GLP1-2.1_C3_Tile_63,63,CellProfiler,0.183491558915761,0.3100851164225695,238.8260865584568,6,56,50,6,50,0,0.10714285522959188,0.9999998333333611,0.19354820603551695
Copy of 600cell_Rank75_GLP1-2.1_C3_Tile_63,63,YOLO,0.3005040185260864,0.46213470200062845,263.90380386468553,6,4,2,2,2,4,0.49999987500003124,0.33333327777778704,0.399999440000584
Copy of 600cell_Rank75_GLP1-2.1_C3_Tile_72,64,CellPose,0.08360660108240689,0.15431172345922006,159.34553019310218,11,9,2,4,5,7,0.44444439506173394,0.3636363305785154,0.39999946500061556
Copy of 600cell_Rank75_GLP1-2.1_C3_Tile_72,64,CellProfiler,0.2476146089314465,0.39694086163919284,130.0,11,55,44,11,44,0,0.19999999636363644,0.9999999090909174,0.33333304545476383
Copy of 600cell_Rank75_GLP1-2.1_C3_Tile_72,64,YOLO,0.4004591299111847,0.5718969177437992,85.26082797678335,11,14,3,6,8,5,0.42857139795918586,0.5454544958677732,0.47999946880050787
Copy of 600cell_Rank75_GLP1-3.1000_F4_Tile_124,65,CellPose,0.38292864933126686,0.5537937904698655,61.98386886924694,20,28,8,17,11,3,0.6071428354591845,0.8499999575000021,0.7083328177086672
Copy of 600cell_Rank75_GLP1-3.1000_F4_Tile_124,65,CellProfiler,0.3170405506615785,0.4814438712647413,76.0,20,53,33,20,33,0,0.3773584834460664,0.9999999500000024,0.5479447926443068
Copy of 600cell_Rank75_GLP1-3.1000_F4_Tile_124,65,YOLO,0.3433707425290356,0.5112077130436894,116.91179958733333,20,16,4,12,4,8,0.7499999531250029,0.5999999700000015,0.6666661358028363
Copy of 600cell_Rank75_GLP1-3.1000_F4_Tile_126,66,CellPose,0.5233993777632225,0.6871466345637078,78.78702689926408,15,16,1,12,4,3,0.7499999531250029,0.7999999466666703,0.7741929989597427
Copy of 600cell_Rank75_GLP1-3.1000_F4_Tile_126,66,CellProfiler,0.5239528093904546,0.6876234042969132,86.04932088442615,15,24,9,15,9,0,0.6249999739583344,0.9999999333333378,0.769230256410547
Copy of 600cell_Rank75_GLP1-3.1000_F4_Tile_126,66,YOLO,0.5020398449717821,0.6684773997872389,59.70378036866137,15,15,0,12,3,3,0.7999999466666703,0.7999999466666703,0.7999994466669827
Copy of 600cell_Rank75_GLP1-3.1000_F4_Tile_147,67,CellPose,0.32802814541799297,0.49400782137000127,210.0,3,13,10,3,10,0,0.23076921301775286,0.9999996666667778,0.3749996484377046
Copy of 600cell_Rank75_GLP1-3.1000_F4_Tile_147,67,CellProfiler,0.281839797889731,0.43974262361602223,209.0157883894161,3,16,13,3,13,0,0.18749998828125072,0.9999996666667778,0.3157891745154136
Copy of 600cell_Rank75_GLP1-3.1000_F4_Tile_147,67,YOLO,0.3920831094393695,0.5633041688111168,351.96973687553526,3,3,0,2,1,1,0.6666664444445185,0.6666664444445185,0.6666659444448935
Copy of 600cell_Rank75_GLP1-3.1000_F4_Tile_33,68,CellPose,0.33866659246480046,0.505976012804257,81.17875826866646,24,18,6,15,3,9,0.8333332870370396,0.6249999739583344,0.7142851904765272
Copy of 600cell_Rank75_GLP1-3.1000_F4_Tile_33,68,CellProfiler,0.41150919309647366,0.5830768869365031,79.80726642228939,24,48,24,18,30,6,0.3749999921875002,0.7499999687500013,0.4999995416670591
Copy of 600cell_Rank75_GLP1-3.1000_F4_Tile_33,68,YOLO,0.4264427412082958,0.5979107732667478,67.0,24,21,3,17,4,7,0.8095237709750585,0.7083333038194456,0.75555502419786
Copy of 600cell_Rank75_GLP1-3.1000_F4_Tile_46,69,CellPose,0.4127881529034141,0.5843595900136834,62.263146607425334,21,21,0,14,7,7,0.6666666349206364,0.6666666349206364,0.6666661349210115
Copy of 600cell_Rank75_GLP1-3.1000_F4_Tile_46,69,CellProfiler,0.32387122628907294,0.48927904747490036,68.93617821844794,21,44,23,17,27,4,0.38636362758264486,0.8095237709750585,0.5230764695861614
Copy of 600cell_Rank75_GLP1-3.1000_F4_Tile_46,69,YOLO,0.392558818165238,0.5637949550776645,60.97745143908197,21,19,2,15,4,6,0.7894736426592819,0.7142856802721105,0.7499994637503334
Copy of 600cell_Rank75_GLP1-3.1000_F4_Tile_60,70,CellPose,0.39048226046314,0.5616501145912911,48.80163776860568,35,31,4,27,4,8,0.8709677138397511,0.7714285493877557,0.8181812952252809
Copy of 600cell_Rank75_GLP1-3.1000_F4_Tile_60,70,CellProfiler,0.44172409703646115,0.6127720247507106,39.182247283672964,35,49,14,24,25,11,0.4897959083715121,0.6857142661224496,0.5714280717124315
Copy of 600cell_Rank75_GLP1-3.1000_F4_Tile_60,70,YOLO,0.5128060476136749,0.6779534606205251,141.01332695183643,35,22,13,20,2,15,0.9090908677685968,0.5714285551020413,0.701753887350273
Copy of 600cell_Rank75_GLP1-3.1000_F4_Tile_65,71,CellPose,0.49646213254168436,0.6635144608683979,79.282350076808,19,30,11,17,13,2,0.5666666477777784,0.8947367950138528,0.6938770478970339
Copy of 600cell_Rank75_GLP1-3.1000_F4_Tile_65,71,CellProfiler,0.39899292053046165,0.5704001995652329,106.224760121424,19,54,35,19,35,0,0.35185184533607694,0.9999999473684238,0.5205475458813074
Copy of 600cell_Rank75_GLP1-3.1000_F4_Tile_65,71,YOLO,0.5174555092767891,0.6820041920351333,129.8524101017338,19,23,4,14,9,5,0.6086956257088858,0.7368420664819965,0.6666661394561516
Copy of 600cell_Rank75_GLP1-3.1000_F4_Tile_68,72,CellPose,0.4592632539616693,0.629445376240157,74.95331880577403,15,17,2,13,4,2,0.7647058373702448,0.8666666088888928,0.8124994511721833
Copy of 600cell_Rank75_GLP1-3.1000_F4_Tile_68,72,CellProfiler,0.3587475580638159,0.5280562322776469,113.46254878564767,15,40,25,14,26,1,0.34999999125000025,0.9333332711111153,0.5090904938845998
Copy of 600cell_Rank75_GLP1-3.1000_F4_Tile_68,72,YOLO,0.34717126858466885,0.515407768381826,123.08025302896961,15,9,6,7,2,8,0.7777776913580343,0.46666663555555765,0.5833328159725979
Copy of 600cell_Rank75_GLP1-3.1000_F4_Tile_79,73,CellPose,0.29581264839197063,0.45656700258182725,154.86603363854982,9,19,10,5,14,4,0.26315788088642733,0.5555554938271674,0.3571423954086888
Copy of 600cell_Rank75_GLP1-3.1000_F4_Tile_79,73,CellProfiler,0.1726376917625003,0.2944433612790018,170.15577402222613,9,48,39,8,40,1,0.16666666319444454,0.8888887901234679,0.28070147860903866
Copy of 600cell_Rank75_GLP1-3.1000_F4_Tile_79,73,YOLO,0.4595328178976805,0.6296985066215836,161.38463371709216,9,8,1,6,2,3,0.7499999062500118,0.6666665925926009,0.7058817716266587
Copy of 600cell_Rank75_GLP1-3.1000_F4_Tile_84,74,CellPose,0.24981169972382627,0.3997589393330655,210.72501855919137,8,7,1,4,3,4,0.57142848979593,0.4999999375000079,0.5333327644449181
Copy of 600cell_Rank75_GLP1-3.1000_F4_Tile_84,74,CellProfiler,0.23574784998670095,0.38154685033720764,163.7632427248949,8,26,18,6,20,2,0.23076922189349144,0.7499999062500118,0.3529407958481025
Copy of 600cell_Rank75_GLP1-3.1000_F4_Tile_84,74,YOLO,0.20778920605570322,0.3440819060376997,296.55785285113507,8,3,5,3,0,5,0.9999996666667778,0.3749999531250059,0.5454540495870459
Copy of 600cell_Rank75_GLP1-3.1000_F4_Tile_94,75,CellPose,0.34338921795000504,0.5112281881702351,134.1802887480037,14,31,17,10,21,4,0.3225806347554634,0.7142856632653098,0.4444439960497907
Copy of 600cell_Rank75_GLP1-3.1000_F4_Tile_94,75,CellProfiler,0.3207971640230878,0.4857629509832596,156.84131716780334,14,37,23,11,26,3,0.2972972892622354,0.7857142295918408,0.4313721337950549
Copy of 600cell_Rank75_GLP1-3.1000_F4_Tile_94,75,YOLO,0.4327607321351736,0.6040935132138237,109.26930432435346,14,17,3,10,7,4,0.588235259515573,0.7142856632653098,0.6451607533822764
Copy of 600cell_Rank75_GLP1-3.1000_F4_Tile_96,76,CellPose,0.26357739432738375,0.4171923231780969,175.56623850542212,10,14,4,7,7,3,0.49999996428571686,0.699999930000007,0.583332798611518
Copy of 600cell_Rank75_GLP1-3.1000_F4_Tile_96,76,CellProfiler,0.31563739525598256,0.4798242986922232,134.5362404707371,10,37,27,10,27,0,0.2702702629656686,0.99999990000001,0.42553156179291685
Copy of 600cell_Rank75_GLP1-3.1000_F4_Tile_96,76,YOLO,0.47506419119099347,0.6441268034680145,64.0,10,10,0,7,3,3,0.699999930000007,0.699999930000007,0.6999994300003642
Copy of 600cell_Rank75_GLP1-3.100_E4_Tile_112,77,CellPose,0.31785974631870534,0.4823878219311443,105.60183605202775,13,11,2,7,4,6,0.636363578512402,0.5384614970414233,0.5833327881948707
Copy of 600cell_Rank75_GLP1-3.100_E4_Tile_112,77,CellProfiler,0.4826263594842161,0.6510424644711088,146.6457912651607,13,27,14,11,16,2,0.4074073923182447,0.8461537810650938,0.5499995337503452
Copy of 600cell_Rank75_GLP1-3.100_E4_Tile_112,77,YOLO,0.5623598244758654,0.7198851579078767,99.09208840076353,13,14,1,9,5,4,0.6428570969387788,0.6923076390532585,0.6666661179701993
Copy of 600cell_Rank75_GLP1-3.100_E4_Tile_119,78,CellPose,0.28985276983370406,0.4494354342024225,223.06847873254802,6,20,14,5,15,1,0.2499999875000006,0.8333331944444675,0.38461500000030774
Copy of 600cell_Rank75_GLP1-3.100_E4_Tile_119,78,CellProfiler,0.22259815087766313,0.364139518316574,231.97952435032735,6,33,27,6,27,0,0.18181817630854014,0.9999998333333611,0.307692031558382
Copy of 600cell_Rank75_GLP1-3.100_E4_Tile_119,78,YOLO,0.45230180316309054,0.6228757716584588,241.30523840754825,6,5,1,3,2,3,0.599999880000024,0.49999991666668053,0.5454539504136905
Copy of 600cell_Rank75_GLP1-3.100_E4_Tile_120,79,CellPose,0.19299587992937023,0.3235482756919434,179.52437160452615,6,10,4,4,6,2,0.39999996000000404,0.6666665555555741,0.4999994687504395
Copy of 600cell_Rank75_GLP1-3.100_E4_Tile_120,79,CellProfiler,0.3020576910938585,0.46396975058777906,159.43760157024263,6,28,22,6,22,0,0.21428570663265334,0.9999998333333611,0.3529408650521191
Copy of 600cell_Rank75_GLP1-3.100_E4_Tile_120,79,YOLO,0.5407479674796748,0.7019291654354342,59.34206494715747,6,6,0,5,1,1,0.8333331944444675,0.8333331944444675,0.8333326944447675
Copy of 600cell_Rank75_GLP1-3.100_E4_Tile_133,80,CellPose,0.3790539988563026,0.5497304662046087,317.93929546898164,1,10,9,1,9,0,0.09999999000000101,0.9999990000010001,0.18181798347110897
Copy of 600cell_Rank75_GLP1-3.100_E4_Tile_133,80,CellProfiler,0.3225716086560684,0.48779454593592797,271.97100775521113,1,15,14,1,14,0,0.06666666222222252,0.9999990000010001,0.12499986718751611
Copy of 600cell_Rank75_GLP1-3.100_E4_Tile_133,80,YOLO,0.6201845613007178,0.765572733025947,173.3403986133049,1,2,1,1,1,0,0.499999750000125,0.9999990000010001,0.6666657777782964
Copy of 600cell_Rank75_GLP1-3.100_E4_Tile_137,81,CellPose,0.45271814969864316,0.6232704531055202,156.1387173332896,11,31,20,9,22,2,0.29032257127991706,0.8181817438016598,0.4285710215422891
Copy of 600cell_Rank75_GLP1-3.100_E4_Tile_137,81,CellProfiler,0.403451840790305,0.5749421947576272,183.51486058655524,11,36,25,9,27,2,0.24999999305555576,0.8181817438016598,0.38297834857433977
Copy of 600cell_Rank75_GLP1-3.100_E4_Tile_137,81,YOLO,0.5376640966868097,0.6993258122437918,231.87097705277205,11,8,3,8,0,3,0.9999998750000157,0.7272726611570308,0.8421046869808986
Copy of 600cell_Rank75_GLP1-3.100_E4_Tile_138,82,CellPose,0.4341203857665447,0.605416937204341,159.26079241294764,9,27,18,9,18,0,0.3333333209876548,0.9999998888889013,0.49999959722249115
Copy of 600cell_Rank75_GLP1-3.100_E4_Tile_138,82,CellProfiler,0.3202004219409283,0.4850785026567057,171.35865279656522,9,33,24,9,24,0,0.2727272644628102,0.9999998888889013,0.42857107142882156
Copy of 600cell_Rank75_GLP1-3.100_E4_Tile_138,82,YOLO,0.5371073208651516,0.6988546779711439,31.0483368505136,9,11,2,8,3,1,0.7272726611570308,0.8888887901234679,0.7999994250003134
Copy of 600cell_Rank75_GLP1-3.100_E4_Tile_144,83,CellPose,0.20755516328331863,0.3437609636299848,195.0,5,39,34,5,34,0,0.12820512491781733,0.99999980000004,0.2272725154960197
Copy of 600cell_Rank75_GLP1-3.100_E4_Tile_144,83,CellProfiler,0.26541305518828656,0.4194884098912581,238.69770389028997,5,26,21,5,21,0,0.1923076849112429,0.99999980000004,0.3225803537983256
Copy of 600cell_Rank75_GLP1-3.100_E4_Tile_144,83,YOLO,0.3582468281430219,0.5275135869565217,291.5882957973722,5,5,0,4,1,1,0.799999840000032,0.799999840000032,0.7999993400003444
Copy of 600cell_Rank75_GLP1-3.100_E4_Tile_152,84,CellPose,0.47886712603765397,0.6476134570935906,84.53003864760379,9,10,1,7,3,2,0.699999930000007,0.7777776913580343,0.736841529086218
Copy of 600cell_Rank75_GLP1-3.100_E4_Tile_152,84,CellProfiler,0.4958771038066192,0.6629917692365778,146.04999112668298,9,16,7,8,8,1,0.4999999687500019,0.8888887901234679,0.6399994880003297
Copy of 600cell_Rank75_GLP1-3.100_E4_Tile_152,84,YOLO,0.531199754995789,0.6938346917345868,85.22630833670839,9,7,2,6,1,3,0.857142734693895,0.6666665925926009,0.7499994140628329
Copy of 600cell_Rank75_GLP1-3.100_E4_Tile_177,85,CellPose,0.24390078382138372,0.3921547232603181,82.29114477323282,17,21,4,12,9,5,0.5714285442176883,0.7058823114186875,0.6315784196679782
Copy of 600cell_Rank75_GLP1-3.100_E4_Tile_177,85,CellProfiler,0.34374607638801696,0.5116235610704141,106.92053123698928,17,35,18,15,20,2,0.428571416326531,0.8823528892733594,0.5769226146453024
Copy of 600cell_Rank75_GLP1-3.100_E4_Tile_177,85,YOLO,0.36676038737894406,0.5366857142857143,118.6748722092345,17,18,1,11,7,6,0.6111110771604957,0.6470587854671302,0.6285708930616237
Copy of 600cell_Rank75_GLP1-3.100_E4_Tile_21,86,CellPose,0.2818873195716281,0.4398004649360713,64.85753378025572,19,17,2,11,6,8,0.6470587854671302,0.5789473379501401,0.611110578704112
Copy of 600cell_Rank75_GLP1-3.100_E4_Tile_21,86,CellProfiler,0.366358452416112,0.5362552583010491,83.23550922172241,19,37,18,17,20,2,0.4594594470416366,0.8947367950138528,0.6071423871176752
Copy of 600cell_Rank75_GLP1-3.100_E4_Tile_21,86,YOLO,0.39006694690954385,0.5612203754312083,71.72097514682949,19,15,4,13,2,6,0.8666666088888928,0.684210490304711,0.7647053442909773
Copy of 600cell_Rank75_GLP1-3.100_E4_Tile_33,87,CellPose,0.39640239840106595,0.5677480916030534,79.18001842030081,25,24,1,19,5,6,0.7916666336805569,0.7599999696000012,0.7755096726367249
Copy of 600cell_Rank75_GLP1-3.100_E4_Tile_33,87,CellProfiler,0.3461382504214952,0.5142685014902657,66.61080993352356,25,50,25,22,28,3,0.4399999912000002,0.8799999648000014,0.5866662065781121
Copy of 600cell_Rank75_GLP1-3.100_E4_Tile_33,87,YOLO,0.353125957707631,0.5219409999433781,101.23908943512151,25,17,8,16,1,9,0.9411764152249167,0.639999974400001,0.761904243764477
Copy of 600cell_Rank75_GLP1-3.100_E4_Tile_35,88,CellPose,0.43077929511816176,0.6021603703492027,164.0,6,8,2,5,3,1,0.6249999218750099,0.8333331944444675,0.7142851224493272
Copy of 600cell_Rank75_GLP1-3.100_E4_Tile_35,88,CellProfiler,0.3139494462928937,0.47787142371215846,164.90509986991935,6,23,17,6,17,0,0.2608695538752368,0.9999998333333611,0.41379274673032185
Copy of 600cell_Rank75_GLP1-3.100_E4_Tile_35,88,YOLO,0.11758484761080665,0.2104267033723331,276.6611019225584,6,2,4,1,1,5,0.499999750000125,0.16666663888889352,0.2499995625005156
Copy of 600cell_Rank75_GLP1-3.100_E4_Tile_46,89,CellPose,0.3577011084365992,0.526921729994747,71.41355661457891,23,15,8,13,2,10,0.8666666088888928,0.5652173667296797,0.6842100124657072
Copy of 600cell_Rank75_GLP1-3.100_E4_Tile_46,89,CellProfiler,0.5132495041984894,0.6783408853258975,68.59300255857006,23,39,16,22,17,1,0.5641025496383962,0.9565216975425348,0.7096769297609716
Copy of 600cell_Rank75_GLP1-3.100_E4_Tile_46,89,YOLO,0.48235362017718525,0.650794268805482,173.0,23,13,10,13,0,10,0.9999999230769291,0.5652173667296797,0.7222217206793052
Copy of 600cell_Rank75_GLP1-3.100_E4_Tile_48,90,CellPose,0.43717490002706033,0.608380928471307,100.53008360711375,22,27,5,17,10,5,0.6296296063100145,0.7727272376033073,0.6938770279053931
Copy of 600cell_Rank75_GLP1-3.100_E4_Tile_48,90,CellProfiler,0.44432279255490437,0.6152679925086952,107.56569640115215,22,39,17,19,20,3,0.4871794746877058,0.863636324380167,0.6229503380815005
Copy of 600cell_Rank75_GLP1-3.100_E4_Tile_48,90,YOLO,0.3976462079621289,0.5690226978713395,94.03589647078189,22,11,11,11,0,11,0.9999999090909174,0.49999997727272827,0.6666661818184738
Copy of 600cell_Rank75_GLP1-3.100_E4_Tile_87,91,CellPose,0.3485701544121746,0.5169477513227513,101.12764163767203,14,14,0,6,8,8,0.42857139795918586,0.42857139795918586,0.42857089795976916
Copy of 600cell_Rank75_GLP1-3.100_E4_Tile_87,91,CellProfiler,0.3188673242125358,0.48354723535655697,110.30865786510141,14,33,19,12,21,2,0.36363635261708027,0.8571427959183717,0.5106378578545694
Copy of 600cell_Rank75_GLP1-3.100_E4_Tile_87,91,YOLO,0.29499578435748647,0.45559342805714065,156.6573955882178,14,14,0,5,9,9,0.3571428316326549,0.3571428316326549,0.3571423316333549
Copy of 600cell_Rank75_GLP1-3.100_E4_Tile_89,92,CellPose,0.42455151964418086,0.5960493724371917,120.73522934877991,12,31,19,12,19,0,0.38709676170655605,0.9999999166666736,0.55813910654436
Copy of 600cell_Rank75_GLP1-3.100_E4_Tile_89,92,CellProfiler,0.33665501430063105,0.5037276046531375,120.42009799032718,12,38,26,11,27,1,0.289473676592798,0.9166665902777842,0.4399996176002924
Copy of 600cell_Rank75_GLP1-3.100_E4_Tile_89,92,YOLO,0.42168439161714105,0.5932180083056021,237.8072746679632,12,10,2,8,2,4,0.7999999200000081,0.6666666111111158,0.7272721652895996
Copy of 600cell_Rank75_GLP1-3.100_E4_Tile_90,93,CellPose,0.40851530561372024,0.5800651281325216,127.58134659894448,8,19,11,7,12,1,0.36842103324099823,0.8749998906250137,0.5185180631004631
Copy of 600cell_Rank75_GLP1-3.100_E4_Tile_90,93,CellProfiler,0.3053185271770894,0.467806931136384,151.12143261247684,8,30,22,7,23,1,0.2333333255555558,0.8749998906250137,0.36842070083130823
Copy of 600cell_Rank75_GLP1-3.100_E4_Tile_90,93,YOLO,0.4696254327982373,0.6391090169201114,194.84827789817302,8,5,3,4,1,4,0.799999840000032,0.4999999375000079,0.6153840473376487
Copy of 600cell_Rank75_GLP1-4.1000_F5_Tile_101,94,CellPose,0.47638321432662567,0.6453381611276348,82.67039414184579,12,14,2,9,5,3,0.6428570969387788,0.7499999375000053,0.6923071420121949
Copy of 600cell_Rank75_GLP1-4.1000_F5_Tile_101,94,CellProfiler,0.44245445997069693,0.6134744246687487,114.12707799179768,12,42,30,12,30,0,0.2857142789115648,0.9999999166666736,0.4444440823047848
Copy of 600cell_Rank75_GLP1-4.1000_F5_Tile_101,94,YOLO,0.6174903012943693,0.7635165426342688,112.43484411754827,12,13,1,7,6,5,0.5384614970414233,0.5833332847222263,0.5599994560004484
Copy of 600cell_Rank75_GLP1-4.1000_F5_Tile_116,95,CellPose,0.6593086618321987,0.7946787442237467,65.27518651761193,23,17,6,16,1,7,0.9411764152249167,0.6956521436672981,0.7999994712502996
Copy of 600cell_Rank75_GLP1-4.1000_F5_Tile_116,95,CellProfiler,0.6111296926359495,0.7586350067648343,68.16890629023905,23,47,24,23,24,0,0.4893616917157087,0.999999956521741,0.6571423971431506
Copy of 600cell_Rank75_GLP1-4.1000_F5_Tile_116,95,YOLO,0.6348537005163511,0.7766489445701953,50.03798481214785,23,20,3,20,0,3,0.9999999500000024,0.8695651795841226,0.9302320173069202
Copy of 600cell_Rank75_GLP1-4.1000_F5_Tile_120,96,CellPose,0.4038206149759935,0.5753165478096347,273.21593878000925,4,10,6,3,7,1,0.299999970000003,0.7499998125000469,0.4285709591840448
Copy of 600cell_Rank75_GLP1-4.1000_F5_Tile_120,96,CellProfiler,0.4018932874354561,0.5733578882750153,259.0957349461246,4,21,17,4,17,0,0.19047618140589612,0.9999997500000625,0.3199997056001909
Copy of 600cell_Rank75_GLP1-4.1000_F5_Tile_120,96,YOLO,0.5232580337257398,0.6870248141030997,142.7688026441708,4,2,2,2,0,2,0.99999950000025,0.49999987500003124,0.6666660000003334
Copy of 600cell_Rank75_GLP1-4.1000_F5_Tile_126,97,CellPose,0.2743980057282274,0.43063156799500574,54.09990445250056,19,20,1,13,7,6,0.6499999675000016,0.684210490304711,0.6666661328077399
Copy of 600cell_Rank75_GLP1-4.1000_F5_Tile_126,97,CellProfiler,0.3357732732732733,0.502739918504988,86.5826187616291,19,51,32,19,32,0,0.37254901230296056,0.9999999473684238,0.5428567318370174
Copy of 600cell_Rank75_GLP1-4.1000_F5_Tile_126,97,YOLO,0.5001774356454562,0.6668243685857778,60.619143230768046,19,17,2,14,3,5,0.8235293633218022,0.7368420664819965,0.7777772361114327
Copy of 600cell_Rank75_GLP1-4.1000_F5_Tile_59,98,CellPose,0.11639457877714461,0.2085187101224349,302.4934622153469,18,7,11,4,3,14,0.57142848979593,0.2222222098765439,0.31999957120049455
Copy of 600cell_Rank75_GLP1-4.1000_F5_Tile_59,98,CellProfiler,0.2585415437077841,0.41085897402495897,108.44814340791933,18,53,35,15,38,3,0.2830188625845498,0.8333332870370396,0.4225348208692078
Copy of 600cell_Rank75_GLP1-4.1000_F5_Tile_59,98,YOLO,0.44955350712948294,0.6202647986685546,95.12445624000715,18,14,4,9,5,9,0.6428570969387788,0.49999997222222375,0.562499472656682
Copy of 600cell_Rank75_GLP1-4.1000_F5_Tile_65,99,CellPose,0.23830857984534184,0.38489369083610053,171.82840277439584,9,39,30,8,31,1,0.20512819986850772,0.8888887901234679,0.3333330147572073
Copy of 600cell_Rank75_GLP1-4.1000_F5_Tile_65,99,CellProfiler,0.19254438169524146,0.322913569760034,163.198494231563,9,48,39,9,39,0,0.1874999960937501,0.9999998888889013,0.3157891966761082
Copy of 600cell_Rank75_GLP1-4.1000_F5_Tile_65,99,YOLO,0.4279319606087735,0.5993730407523511,129.30771302509055,9,7,2,5,2,4,0.7142856122449125,0.5555554938271674,0.6249994296878953
Copy of 600cell_Rank75_GLP1-4.1000_F5_Tile_66,100,CellPose,0.2666796116504854,0.4210687678204617,114.25410075969245,10,34,24,9,25,1,0.2647058745674743,0.8999999100000091,0.40909053925648725
Copy of 600cell_Rank75_GLP1-4.1000_F5_Tile_66,100,CellProfiler,0.1871623296158612,0.3153104254519644,116.809518948453,10,48,38,9,39,1,0.1874999960937501,0.8999999100000091,0.31034453151035507
Copy of 600cell_Rank75_GLP1-4.1000_F5_Tile_66,100,YOLO,0.3113000730751345,0.4747960889609403,96.23148888655533,10,11,1,6,5,4,0.5454544958677732,0.599999940000006,0.5714280181410302
Copy of 600cell_Rank75_GLP1-4.1000_F5_Tile_90,101,CellPose,0.4065996586383463,0.5781313199406768,178.02485679534013,12,31,19,9,22,3,0.29032257127991706,0.7499999375000053,0.41860422931352087
Copy of 600cell_Rank75_GLP1-4.1000_F5_Tile_90,101,CellProfiler,0.2882659096285782,0.44752547975392526,164.8074456916149,12,50,38,11,39,1,0.2199999956000001,0.9166665902777842,0.35483838605645446
Copy of 600cell_Rank75_GLP1-4.1000_F5_Tile_90,101,YOLO,0.39567538163397137,0.5670020218752284,146.84045994633877,12,17,5,5,12,7,0.2941176297577865,0.41666663194444736,0.34482707728962386
Copy of 600cell_Rank75_GLP1-4.100_E5_Tile_110,102,CellPose,0.25566647830727696,0.4072203610180509,226.81871448450505,5,17,12,4,13,1,0.23529410380622917,0.799999840000032,0.3636359793391582
Copy of 600cell_Rank75_GLP1-4.100_E5_Tile_110,102,CellProfiler,0.19246103660746647,0.32279635258358663,169.8449286099994,5,36,31,5,31,0,0.1388888850308643,0.99999980000004,0.2439022129686319
Copy of 600cell_Rank75_GLP1-4.100_E5_Tile_110,102,YOLO,0.5039385584875935,0.6701584391776876,119.16369608065938,5,4,1,4,0,1,0.9999997500000625,0.799999840000032,0.8888881975311796
Copy of 600cell_Rank75_GLP1-4.100_E5_Tile_119,103,CellPose,0.4468377732168172,0.6176750171836383,213.19098744084195,6,30,24,6,24,0,0.19999999333333354,0.9999998333333611,0.3333330370372448
Copy of 600cell_Rank75_GLP1-4.100_E5_Tile_119,103,CellProfiler,0.34994643964593786,0.5184597393919145,185.01891615582275,6,41,35,6,35,0,0.14634145984533026,0.9999998333333611,0.2553189153464817
Copy of 600cell_Rank75_GLP1-4.100_E5_Tile_119,103,YOLO,0.6413133832086451,0.7814636616865029,223.70649968608186,6,10,4,6,4,0,0.599999940000006,0.9999998333333611,0.7499994375002969
Copy of 600cell_Rank75_GLP1-4.100_E5_Tile_134,104,CellPose,0.21752944398794852,0.3573292540268154,144.0206032984694,11,11,0,7,4,4,0.636363578512402,0.636363578512402,0.6363630785127949
Copy of 600cell_Rank75_GLP1-4.100_E5_Tile_134,104,CellProfiler,0.21155682074603807,0.34923136434619406,183.57217411533503,11,56,45,11,45,0,0.19642856792091845,0.9999999090909174,0.3283579247050503
Copy of 600cell_Rank75_GLP1-4.100_E5_Tile_134,104,YOLO,0.4819416353655013,0.6504191850263209,137.89271081942303,11,17,6,8,9,3,0.47058820761245834,0.7272726611570308,0.5714280535718265
Copy of 600cell_Rank75_GLP1-4.100_E5_Tile_173,105,CellPose,0.25051776326270514,0.4006624625772342,128.02668882177963,10,10,0,4,6,6,0.39999996000000404,0.39999996000000404,0.399999460000629
Copy of 600cell_Rank75_GLP1-4.100_E5_Tile_173,105,CellProfiler,0.3385362312264622,0.5058305084745762,252.1150531007619,10,32,22,10,22,0,0.3124999902343753,0.99999990000001,0.47619009070321233
Copy of 600cell_Rank75_GLP1-4.100_E5_Tile_173,105,YOLO,0.46510544098799955,0.6349105367793241,114.32623527745666,10,9,1,6,3,4,0.6666665925926009,0.599999940000006,0.6315783822718686
Copy of 600cell_Rank75_GLP1-4.100_E5_Tile_21,106,CellPose,0.17342233009708738,0.2955838245940635,193.24191746725236,9,5,4,4,1,5,0.799999840000032,0.44444439506173394,0.5714280306126139
Copy of 600cell_Rank75_GLP1-4.100_E5_Tile_21,106,CellProfiler,0.21866698152193165,0.35886256842513203,130.22019668788388,9,42,33,9,33,0,0.2142857091836736,0.9999998888889013,0.35294087197254187
Copy of 600cell_Rank75_GLP1-4.100_E5_Tile_21,106,YOLO,0.42786247825642076,0.5993048837292629,74.0,9,9,0,4,5,5,0.44444439506173394,0.44444439506173394,0.4444438950622964
Copy of 600cell_Rank75_GLP1-4.100_E5_Tile_26,107,CellPose,0.04132879148705272,0.07937702640111162,258.78630128541346,18,3,15,2,1,16,0.6666664444445185,0.11111110493827195,0.19047592743790973
Copy of 600cell_Rank75_GLP1-4.100_E5_Tile_26,107,CellProfiler,0.36335620835770643,0.5330319488483555,128.30802307769306,18,45,27,17,28,1,0.37777776938271623,0.9444443919753115,0.5396821143867987
Copy of 600cell_Rank75_GLP1-4.100_E5_Tile_26,107,YOLO,0.5539641943734015,0.7129690585911784,50.72085854544297,18,20,2,11,9,7,0.5499999725000013,0.6111110771604957,0.578946839335611
Copy of 600cell_Rank75_GLP1-4.100_E5_Tile_38,108,CellPose,0.35658872674008574,0.5257138286811165,273.109024885922,12,5,7,5,0,7,0.99999980000004,0.41666663194444736,0.5882348096888627
Copy of 600cell_Rank75_GLP1-4.100_E5_Tile_38,108,CellProfiler,0.4172441213222765,0.5888105161910869,123.35477245563443,12,30,18,12,18,0,0.3999999866666671,0.9999999166666736,0.5714281360547059
Copy of 600cell_Rank75_GLP1-4.100_E5_Tile_38,108,YOLO,0.5345016429353778,0.6966452533904354,233.42063572238249,12,8,4,8,0,4,0.9999998750000157,0.6666666111111158,0.7999994400002921
Copy of 600cell_Rank75_GLP1-4.100_E5_Tile_40,109,CellPose,0.39848606376579104,0.5698820661719898,179.79611752554123,10,13,3,8,5,2,0.615384568047341,0.7999999200000081,0.6956516219285175
Copy of 600cell_Rank75_GLP1-4.100_E5_Tile_40,109,CellProfiler,0.4649990241363607,0.6348113773119879,116.01271465648243,10,29,19,9,20,1,0.3103448168846615,0.8999999100000091,0.46153805654205304
Copy of 600cell_Rank75_GLP1-4.100_E5_Tile_40,109,YOLO,0.5730308694993179,0.7285691344146459,91.74038861314963,10,9,1,6,3,4,0.6666665925926009,0.599999940000006,0.6315783822718686
Copy of 600cell_Rank75_GLP1-4.100_E5_Tile_51,110,CellPose,0.47567429156708774,0.6446873734744635,73.5268634603962,24,17,7,15,2,9,0.8823528892733594,0.6249999739583344,0.7317067959551111
Copy of 600cell_Rank75_GLP1-4.100_E5_Tile_51,110,CellProfiler,0.48466212445109047,0.6528921516473384,54.04257040134002,24,55,31,22,33,2,0.3999999927272729,0.9166666284722238,0.5569615882073359
Copy of 600cell_Rank75_GLP1-4.100_E5_Tile_51,110,YOLO,0.5939803202778313,0.745279364771957,78.38141288290092,24,27,3,19,8,5,0.7037036776406045,0.7916666336805569,0.7450975117265933
Copy of 600cell_Rank75_GLP1-4.100_E5_Tile_55,111,CellPose,0.09771967285766085,0.1780412163030114,242.24780098775636,22,11,11,6,5,16,0.5454544958677732,0.27272726033057904,0.3636358971538895
Copy of 600cell_Rank75_GLP1-4.100_E5_Tile_55,111,CellProfiler,0.5383312092360747,0.6998898624742931,88.47146361123882,22,46,24,21,25,1,0.4565217292060494,0.9545454111570267,0.6176466029414835
Copy of 600cell_Rank75_GLP1-4.100_E5_Tile_55,111,YOLO,0.5599266641961342,0.7178884457170007,76.94999999999982,22,19,3,17,2,5,0.8947367950138528,0.7727272376033073,0.8292677549080929
Copy of 600cell_Rank75_GLP1-4.100_E5_Tile_60,112,CellPose,0.4233888382359998,0.5949025689434293,113.16712509366936,9,11,2,7,4,2,0.636363578512402,0.7777776913580343,0.6999994350003561
Copy of 600cell_Rank75_GLP1-4.100_E5_Tile_60,112,CellProfiler,0.3910135435168739,0.5621994772650186,119.54664355516401,9,36,27,8,28,1,0.22222221604938291,0.8888887901234679,0.3555552197533592
Copy of 600cell_Rank75_GLP1-4.100_E5_Tile_60,112,YOLO,0.5791784702549575,0.7335187012288098,122.00409829181969,9,8,1,6,2,3,0.7499999062500118,0.6666665925926009,0.7058817716266587
Copy of 600cell_Rank75_GLP1-4.100_E5_Tile_65,113,CellPose,0.14349966055668703,0.25098330241187383,283.4062705532789,5,3,2,3,0,2,0.9999996666667778,0.599999880000024,0.7499993437503243
Copy of 600cell_Rank75_GLP1-4.100_E5_Tile_65,113,CellProfiler,0.1472038890071677,0.25663073568302375,248.60008045050992,5,37,32,4,33,1,0.10810810518626743,0.799999840000032,0.19047597165553254
Copy of 600cell_Rank75_GLP1-4.100_E5_Tile_65,113,YOLO,0.4663967234478265,0.6361126098962135,300.208091202211,5,10,5,5,5,0,0.499999950000005,0.99999980000004,0.6666661333336267
Copy of 600cell_Rank75_GLP1-4.100_E5_Tile_68,114,CellPose,0.06198227422811794,0.11672939507991055,213.0,10,2,8,2,0,8,0.99999950000025,0.19999998000000202,0.3333330000001667
Copy of 600cell_Rank75_GLP1-4.100_E5_Tile_68,114,CellProfiler,0.36443630629943286,0.5341932116829137,186.2390929438701,10,36,26,9,27,1,0.24999999305555576,0.8999999100000091,0.39130399054848697
Copy of 600cell_Rank75_GLP1-4.100_E5_Tile_68,114,YOLO,0.6017511276200583,0.7513665728010601,32.01562118716424,10,10,0,8,2,2,0.7999999200000081,0.7999999200000081,0.7999994200003205
Copy of 600cell_Rank75_GLP1-4.100_E5_Tile_72,115,CellPose,0.0,0.0,500.0,8,0,8,0,0,8,0.0,0.0,0.0
Copy of 600cell_Rank75_GLP1-4.100_E5_Tile_72,115,CellProfiler,0.13769058295964126,0.24205277783252202,229.5212359323122,8,46,38,8,38,0,0.17391303969754263,0.9999998750000157,0.2962960329220078
Copy of 600cell_Rank75_GLP1-4.100_E5_Tile_72,115,YOLO,0.28454865584471356,0.4430328964963894,162.47173805924143,8,11,3,4,7,4,0.3636363305785154,0.4999999375000079,0.4210520997235583
Copy of 600cell_Rank75_GLP1-4.100_E5_Tile_78,116,CellPose,0.27232480702285455,0.4280743494423792,157.8969943669389,16,12,4,9,3,7,0.7499999375000053,0.5624999648437522,0.6428566071432322
Copy of 600cell_Rank75_GLP1-4.100_E5_Tile_78,116,CellProfiler,0.25162695172345534,0.40207979123008186,101.9693579435962,16,66,50,15,51,1,0.22727272382920116,0.9374999414062536,0.3658533355148355
Copy of 600cell_Rank75_GLP1-4.100_E5_Tile_78,116,YOLO,0.39684788823427053,0.5682048726664413,93.46549967184917,16,25,9,13,12,3,0.5199999792000009,0.8124999492187531,0.6341458346226051
Copy of 600cell_Rank75_GLP1-4.100_E5_Tile_79,117,CellPose,0.10781214721156017,0.19463976357892593,238.3806409638392,6,6,0,1,5,5,0.16666663888889352,0.16666663888889352,0.16666613889039353
Copy of 600cell_Rank75_GLP1-4.100_E5_Tile_79,117,CellProfiler,0.10668921527177809,0.19280790632007308,317.5169224969512,6,57,51,6,51,0,0.10526315604801481,0.9999998333333611,0.1904760120938617
Copy of 600cell_Rank75_GLP1-4.100_E5_Tile_79,117,YOLO,0.24386731552289204,0.3921114615353906,229.07159767876837,6,17,11,6,11,0,0.35294115570934376,0.9999998333333611,0.5217386994331613
Copy of 600cell_Rank75_GLP1-4.100_E5_Tile_82,118,CellPose,0.6326718966312875,0.7750141322781232,71.13857438650318,18,16,2,14,2,4,0.8749999453125034,0.7777777345679036,0.8235288650522071
Copy of 600cell_Rank75_GLP1-4.100_E5_Tile_82,118,CellProfiler,0.4893598808443615,0.657141215012357,100.65783625729296,18,39,21,18,21,0,0.4615384497041424,0.9999999444444475,0.6315784930750841
Copy of 600cell_Rank75_GLP1-4.100_E5_Tile_82,118,YOLO,0.6075301132402087,0.7558553438425414,51.12715825849475,18,17,1,13,4,5,0.7647058373702448,0.7222221820987677,0.7428566008166649
Copy of 600cell_Rank75_GLP1-4.100_E5_Tile_83,119,CellPose,0.4574052748363902,0.6276981190255936,73.90617618834068,13,22,9,13,9,0,0.590909064049588,0.9999999230769291,0.74285663346968
Copy of 600cell_Rank75_GLP1-4.100_E5_Tile_83,119,CellProfiler,0.5050232948398066,0.6711169143645193,90.23979675818487,13,31,18,13,18,0,0.4193548251821024,0.9999999230769291,0.5909086477275597
Copy of 600cell_Rank75_GLP1-4.100_E5_Tile_83,119,YOLO,0.6483682917071498,0.7866789175320285,48.20161884668876,13,13,0,11,2,2,0.8461537810650938,0.8461537810650938,0.8461532810653893
Copy of 600cell_Rank75_GLP1-4.100_E5_Tile_97,120,CellPose,0.44741235392320533,0.6182237600922722,119.42149115710419,19,22,3,17,5,2,0.7727272376033073,0.8947367950138528,0.8292677549080929
Copy of 600cell_Rank75_GLP1-4.100_E5_Tile_97,120,CellProfiler,0.5477619162835713,0.7078115962419297,48.01301885601638,19,36,17,19,17,0,0.5277777631172844,0.9999999473684238,0.6909086135540126
Copy of 600cell_Rank75_GLP1-4.100_E5_Tile_97,120,YOLO,0.5826303415848431,0.73628102062216,38.998643261175346,19,21,2,17,4,2,0.8095237709750585,0.8947367950138528,0.8499994587502945
Copy of 600cell_Rank75_GLP1-4.1_C5_Tile_106,121,CellPose,0.1787896175785601,0.30334440499370063,216.55060419851495,6,38,32,5,33,1,0.13157894390581729,0.8333331944444675,0.22727248140517925
Copy of 600cell_Rank75_GLP1-4.1_C5_Tile_106,121,CellProfiler,0.18564606174749446,0.31315595393430534,208.1967819143248,6,37,31,5,32,1,0.1351351314828343,0.8333331944444675,0.23255788858865045
Copy of 600cell_Rank75_GLP1-4.1_C5_Tile_106,121,YOLO,0.47499223361292325,0.6440606571187869,126.93501500433962,6,7,1,4,3,2,0.57142848979593,0.6666665555555741,0.6153840236690542
Copy of 600cell_Rank75_GLP1-4.1_C5_Tile_117,122,CellPose,0.4097595378828587,0.5813183409962599,111.03240997007543,11,24,13,10,14,1,0.41666664930555625,0.9090908264462886,0.5714281077554212
Copy of 600cell_Rank75_GLP1-4.1_C5_Tile_117,122,CellProfiler,0.27174463773011315,0.4273572377158035,195.16621012199602,11,53,42,11,42,0,0.2075471658953365,0.9999999090909174,0.3437497045900664
Copy of 600cell_Rank75_GLP1-4.1_C5_Tile_117,122,YOLO,0.4967305088024763,0.6637541038699171,110.42915935457182,11,22,11,11,11,0,0.49999997727272827,0.9999999090909174,0.6666661818184738
Copy of 600cell_Rank75_GLP1-4.1_C5_Tile_119,123,CellPose,0.3814226350525544,0.5522171497328096,205.71641453144787,14,20,6,12,8,2,0.5999999700000015,0.8571427959183717,0.7058818269899525
Copy of 600cell_Rank75_GLP1-4.1_C5_Tile_119,123,CellProfiler,0.27877397831526274,0.4360019566280776,110.43550153822818,14,43,29,13,30,1,0.30232557436452157,0.9285713622449028,0.4561399642969994
Copy of 600cell_Rank75_GLP1-4.1_C5_Tile_119,123,YOLO,0.45633456334563344,0.6266891891891891,119.85407794480753,14,10,4,9,1,5,0.8999999100000091,0.6428570969387788,0.7499994513892069
Copy of 600cell_Rank75_GLP1-4.1_C5_Tile_132,124,CellPose,0.4169374052414988,0.5885050443289513,48.75448697299562,26,38,12,23,15,3,0.6052631419667595,0.8846153505917173,0.718749495117511
Copy of 600cell_Rank75_GLP1-4.1_C5_Tile_132,124,CellProfiler,0.3077573397550853,0.47066428977217073,77.38862965578342,26,66,40,23,43,3,0.34848484320477513,0.8846153505917173,0.49999958364871816
Copy of 600cell_Rank75_GLP1-4.1_C5_Tile_132,124,YOLO,0.48969275533856094,0.6574412791948753,77.90218141188294,26,24,2,19,5,7,0.7916666336805569,0.7307692026627229,0.7599994704003291
Copy of 600cell_Rank75_GLP1-4.1_C5_Tile_90,125,CellPose,0.2410983292248699,0.38852413793103446,85.46336964616063,6,10,4,3,7,3,0.299999970000003,0.49999991666668053,0.37499948437558395
Copy of 600cell_Rank75_GLP1-4.1_C5_Tile_90,125,CellProfiler,0.23815048060987737,0.38468745817159683,293.23129586807306,6,43,37,5,38,1,0.11627906706327752,0.8333331944444675,0.20408140941294808
Copy of 600cell_Rank75_GLP1-4.1_C5_Tile_90,125,YOLO,0.5485860409145608,0.7084992714910151,175.2542986515542,6,4,2,4,0,2,0.9999997500000625,0.6666665555555741,0.7999993600003121
Copy of 600cell_Rank75_GLP1-4.1_C5_Tile_91,126,CellPose,0.347830224590788,0.5161335875167691,120.1890040724837,10,32,22,10,22,0,0.3124999902343753,0.99999990000001,0.47619009070321233
Copy of 600cell_Rank75_GLP1-4.1_C5_Tile_91,126,CellProfiler,0.2856499271233603,0.44436657459702356,271.0,10,38,28,10,28,0,0.26315788781163457,0.99999990000001,0.4166663194446922
Copy of 600cell_Rank75_GLP1-4.1_C5_Tile_91,126,YOLO,0.42915227804388995,0.6005690011302077,105.63078946776307,10,9,1,8,1,2,0.8888887901234679,0.7999999200000081,0.8421046759005814
Copy of 600cell_Rank75_GLP1-5.1000_F6_Tile_137,127,CellPose,0.20787929589270746,0.34420541290770296,287.4803914662186,2,9,7,2,7,0,0.22222219753086697,0.99999950000025,0.36363600000018187
Copy of 600cell_Rank75_GLP1-5.1000_F6_Tile_137,127,CellProfiler,0.2803738317757009,0.43795620437956206,259.993009522367,2,19,17,2,17,0,0.10526315235457093,0.99999950000025,0.19047600000009526
Copy of 600cell_Rank75_GLP1-5.1000_F6_Tile_137,127,YOLO,0.4969632304661852,0.6639618400131586,208.67187566816284,2,8,6,2,6,0,0.24999996875000394,0.99999950000025,0.3999996000002001
Copy of 600cell_Rank75_GLP1-5.1000_F6_Tile_140,128,CellPose,0.2219465648854962,0.3632672184913322,153.39491516996253,6,24,18,5,19,1,0.20833332465277812,0.8333331944444675,0.3333329911113958
Copy of 600cell_Rank75_GLP1-5.1000_F6_Tile_140,128,CellProfiler,0.2247295496109854,0.36698640884816885,178.39983139258973,6,32,26,5,27,1,0.15624999511718765,0.8333331944444675,0.26315761495869355
Copy of 600cell_Rank75_GLP1-5.1000_F6_Tile_140,128,YOLO,0.41787709497206704,0.5894405043341213,148.08488020559966,6,17,11,6,11,0,0.35294115570934376,0.9999998333333611,0.5217386994331613
Copy of 600cell_Rank75_GLP1-5.1000_F6_Tile_143,129,CellPose,0.35650911437328603,0.525627304078963,215.05264653646515,6,15,9,6,9,0,0.39999997333333515,0.9999998333333611,0.5714281088438167
Copy of 600cell_Rank75_GLP1-5.1000_F6_Tile_143,129,CellProfiler,0.0927064477872792,0.1696822563370225,224.75764725588314,6,62,56,6,56,0,0.09677419198751304,0.9999998333333611,0.17647042214545564
Copy of 600cell_Rank75_GLP1-5.1000_F6_Tile_143,129,YOLO,0.3790312538911717,0.5497065462753951,174.47290226586065,6,16,10,6,10,0,0.37499997656250145,0.9999998333333611,0.545454099173828
Copy of 600cell_Rank75_GLP1-5.1000_F6_Tile_160,130,CellPose,0.23883733146559272,0.38558303886925793,208.19077190278463,7,18,11,6,12,1,0.3333333148148158,0.857142734693895,0.47999955840032626
Copy of 600cell_Rank75_GLP1-5.1000_F6_Tile_160,130,CellProfiler,0.1860605893844757,0.31374550516181415,198.39794748693546,7,41,34,6,35,1,0.14634145984533026,0.857142734693895,0.24999974045161674
Copy of 600cell_Rank75_GLP1-5.1000_F6_Tile_160,130,YOLO,0.348800505050505,0.5172010297215072,218.95005968844734,7,10,3,5,5,2,0.499999950000005,0.7142856122449125,0.5882347404848325
Copy of 600cell_Rank75_GLP1-5.1000_F6_Tile_192,131,CellPose,0.0,0.0,500.0,7,0,7,0,0,7,0.0,0.0,0.0
Copy of 600cell_Rank75_GLP1-5.1000_F6_Tile_192,131,CellProfiler,0.1496119006592156,0.2602824493612574,214.57219451289046,7,56,49,7,49,0,0.12499999776785718,0.9999998571428775,0.2222220176368409
Copy of 600cell_Rank75_GLP1-5.1000_F6_Tile_192,131,YOLO,0.4063555611159765,0.5778845298460991,175.41949720598336,7,13,6,5,8,2,0.3846153550295881,0.7142856122449125,0.49999949500041013
Copy of 600cell_Rank75_GLP1-5.1000_F7_Tile_137,132,CellPose,0.45495084081018644,0.6253831099294709,116.13992254736871,10,11,1,7,4,3,0.636363578512402,0.699999930000007,0.6666661043087693
Copy of 600cell_Rank75_GLP1-5.1000_F7_Tile_137,132,CellProfiler,0.421118770644837,0.5926580935297239,116.79682349034363,10,25,15,10,15,0,0.39999998400000064,0.99999990000001,0.5714281306125278
Copy of 600cell_Rank75_GLP1-5.1000_F7_Tile_137,132,YOLO,0.5424762121816421,0.7033835697399528,116.13776741499453,10,10,0,8,2,2,0.7999999200000081,0.7999999200000081,0.7999994200003205
Copy of 600cell_Rank75_GLP1-5.1000_F7_Tile_166,133,CellPose,0.36363209099027116,0.5333287378506928,86.02092740338364,12,16,4,11,5,1,0.6874999570312527,0.9166665902777842,0.7857137397962262
Copy of 600cell_Rank75_GLP1-5.1000_F7_Tile_166,133,CellProfiler,0.3939183762867781,0.5651957574963992,99.02019995940222,12,26,14,11,15,1,0.4230769068047343,0.9166665902777842,0.5789469058174914
Copy of 600cell_Rank75_GLP1-5.1000_F7_Tile_166,133,YOLO,0.42129175946547887,0.5928293844803811,100.42107840221621,12,15,3,11,4,1,0.7333332844444478,0.9166665902777842,0.8148142606313042
Copy of 600cell_Rank75_GLP1-5.1000_F7_Tile_167,134,CellPose,0.27478883584282043,0.4311127115592366,115.99029794031344,9,21,12,7,14,2,0.3333333174603182,0.7777776913580343,0.466666215555925
Copy of 600cell_Rank75_GLP1-5.1000_F7_Tile_167,134,CellProfiler,0.217486664319948,0.3572715343727064,229.36698536447386,9,35,26,8,27,1,0.22857142204081654,0.8888887901234679,0.363636021694491
Copy of 600cell_Rank75_GLP1-5.1000_F7_Tile_167,134,YOLO,0.4416981347980318,0.6127470434161442,41.0,9,9,0,9,0,0,0.9999998888889013,0.9999998888889013,0.9999993888891514
Copy of 600cell_Rank75_GLP1-5.1000_F7_Tile_172,135,CellPose,0.10434965181789552,0.18897937196996104,216.91011963483862,3,30,27,1,29,2,0.033333332222222255,0.33333322222225925,0.060605891644120266
Copy of 600cell_Rank75_GLP1-5.1000_F7_Tile_172,135,CellProfiler,0.06083477016168386,0.1146922628722132,256.4736773133697,3,36,33,3,33,0,0.08333333101851859,0.9999996666667778,0.15384600394486797
Copy of 600cell_Rank75_GLP1-5.1000_F7_Tile_172,135,YOLO,0.0,0.0,500.0,3,0,3,0,0,3,0.0,0.0,0.0
Copy of 600cell_Rank75_GLP1-5.1000_F7_Tile_193,136,CellPose,0.25804289544235925,0.41022908897176347,325.19609407409087,5,22,17,5,17,0,0.2272727169421492,0.99999980000004,0.3703700411524819
Copy of 600cell_Rank75_GLP1-5.1000_F7_Tile_193,136,CellProfiler,0.06787115007497982,0.12711486787561269,308.8769879930845,5,34,29,5,29,0,0.1470588192041524,0.99999980000004,0.2564100197240331
Copy of 600cell_Rank75_GLP1-5.1000_F7_Tile_193,136,YOLO,0.0,0.0,500.0,5,0,5,0,0,5,0.0,0.0,0.0
Copy of 600cell_Rank75_GLP1-5.1000_F7_Tile_25,137,CellPose,0.11064551531477601,0.19924541861300754,301.55364105299947,5,1,4,1,0,4,0.9999990000010001,0.199999960000008,0.33333294444456485
Copy of 600cell_Rank75_GLP1-5.1000_F7_Tile_25,137,CellProfiler,0.1410120519766027,0.24717013590228798,151.99539453038358,5,57,52,5,52,0,0.08771929670667901,0.99999980000004,0.16129016909480684
Copy of 600cell_Rank75_GLP1-5.1000_F7_Tile_25,137,YOLO,0.30083243409896715,0.4625229602417491,159.17498307251597,5,4,1,2,2,3,0.49999987500003124,0.399999920000016,0.4444438518524197
Copy of 600cell_Rank75_GLP1-5.1000_F7_Tile_40,138,CellPose,0.37217109920113256,0.5424558197119991,95.4719633195988,20,15,5,12,3,8,0.7999999466666703,0.5999999700000015,0.6857137567350449
Copy of 600cell_Rank75_GLP1-5.1000_F7_Tile_40,138,CellProfiler,0.43538202740260373,0.6066427182322319,77.05321940697614,20,50,30,20,30,0,0.3999999920000002,0.9999999500000024,0.5714281469390623
Copy of 600cell_Rank75_GLP1-5.1000_F7_Tile_40,138,YOLO,0.5334124159746936,0.6957194430118618,63.15496756436839,20,20,0,14,6,6,0.6999999650000017,0.6999999650000017,0.6999994650003589
Copy of 600cell_Rank75_GLP1-5.1000_F7_Tile_49,139,CellPose,0.27140504939626786,0.4269371897258796,166.09214301296876,8,4,4,4,0,4,0.9999997500000625,0.4999999375000079,0.6666661111114075
Copy of 600cell_Rank75_GLP1-5.1000_F7_Tile_49,139,CellProfiler,0.2734671651016984,0.4294844383833948,224.26323788303145,8,65,57,8,57,0,0.12307692118343198,0.9999998750000157,0.21917788102849275
Copy of 600cell_Rank75_GLP1-5.1000_F7_Tile_49,139,YOLO,0.6661587415408058,0.7996341824246174,51.67855318120329,8,6,2,6,0,2,0.9999998333333611,0.7499999062500118,0.8571422448982536
Copy of 600cell_Rank75_GLP1-5.1000_F7_Tile_51,140,CellPose,0.5636754433100484,0.7209621993127148,265.08590268355096,5,4,1,4,0,1,0.9999997500000625,0.799999840000032,0.8888881975311796
Copy of 600cell_Rank75_GLP1-5.1000_F7_Tile_51,140,CellProfiler,0.12610744097915708,0.22397053138998158,171.3790546535712,5,54,49,5,49,0,0.092592590877915,0.99999980000004,0.16949136455053537
Copy of 600cell_Rank75_GLP1-5.1000_F7_Tile_51,140,YOLO,0.4803461954561846,0.6489646772228989,264.2204282859032,5,3,2,3,0,2,0.9999996666667778,0.599999880000024,0.7499993437503243
Copy of 600cell_Rank75_GLP1-5.1000_F7_Tile_63,141,CellPose,0.0,0.0,500.0,2,0,2,0,0,2,0.0,0.0,0.0
Copy of 600cell_Rank75_GLP1-5.1000_F7_Tile_63,141,CellProfiler,0.088336411422077,0.1623329156223893,267.7954427157387,2,45,43,2,43,0,0.04444444345679015,0.99999950000025,0.085106297872383
Copy of 600cell_Rank75_GLP1-5.1000_F7_Tile_63,141,YOLO,0.0,0.0,500.0,2,0,2,0,0,2,0.0,0.0,0.0
Copy of 600cell_Rank75_GLP1-5.1000_F7_Tile_73,142,CellPose,0.3235367527767378,0.4888972702842865,164.16745357809518,7,18,11,6,12,1,0.3333333148148158,0.857142734693895,0.47999955840032626
Copy of 600cell_Rank75_GLP1-5.1000_F7_Tile_73,142,CellProfiler,0.20137677251530628,0.3352433260278313,159.2902983432643,7,34,27,5,29,2,0.1470588192041524,0.7142856122449125,0.2439021439622356
Copy of 600cell_Rank75_GLP1-5.1000_F7_Tile_73,142,YOLO,0.35860165593376264,0.5278981581798483,217.4155986448903,7,4,3,3,1,4,0.7499998125000469,0.4285713673469475,0.5454539834714716
Copy of 600cell_Rank75_GLP1-5.1000_F7_Tile_78,143,CellPose,0.42592166428867306,0.597398405474323,125.25875364367919,8,12,4,8,4,0,0.6666666111111158,0.9999998750000157,0.7999994400002921
Copy of 600cell_Rank75_GLP1-5.1000_F7_Tile_78,143,CellProfiler,0.3025632630151083,0.4645659394918754,129.40247292845683,8,34,26,7,27,1,0.20588234688581333,0.8749998906250137,0.33333300907056257
Copy of 600cell_Rank75_GLP1-5.1000_F7_Tile_78,143,YOLO,0.47585757707338255,0.644855688605137,127.1206907689716,8,10,2,7,3,1,0.699999930000007,0.8749998906250137,0.777777197531186
Copy of 600cell_Rank75_GLP1-5.1000_F7_Tile_81,144,CellPose,0.26895871031419644,0.42390458905885403,315.106647538402,2,7,5,2,5,0,0.285714244897965,0.99999950000025,0.4444440000002222
Copy of 600cell_Rank75_GLP1-5.1000_F7_Tile_81,144,CellProfiler,0.037745604963805586,0.07274539113104135,254.004417247832,2,27,25,1,26,1,0.037037035665294975,0.499999750000125,0.0689653840667756
Copy of 600cell_Rank75_GLP1-5.1000_F7_Tile_81,144,YOLO,0.0,0.0,500.0,2,0,2,0,0,2,0.0,0.0,0.0
Copy of 600cell_Rank75_GLP1-5.1000_F7_Tile_90,145,CellPose,0.25838406769167266,0.410660106601066,487.37454086455955,6,2,4,2,0,4,0.99999950000025,0.33333327777778704,0.49999950000025
Copy of 600cell_Rank75_GLP1-5.1000_F7_Tile_90,145,CellProfiler,0.15580551663243564,0.2696050752316737,252.45851036653727,6,54,48,6,48,0,0.11111110905349798,0.9999998333333611,0.19999981333347425
Copy of 600cell_Rank75_GLP1-5.1000_F7_Tile_90,145,YOLO,0.0,0.0,500.0,6,0,6,0,0,6,0.0,0.0,0.0
Copy of 600cell_Rank75_GLP1-5.1000_F7_Tile_93,146,CellPose,0.3612510860121633,0.5307633392902732,157.6228912942644,9,12,3,7,5,2,0.5833332847222263,0.7777776913580343,0.6666661133790488
Copy of 600cell_Rank75_GLP1-5.1000_F7_Tile_93,146,CellProfiler,0.174239548880334,0.296770022856879,142.00985871841053,9,38,29,8,30,1,0.21052631024930765,0.8888887901234679,0.34042520778659485
Copy of 600cell_Rank75_GLP1-5.1000_F7_Tile_93,146,YOLO,0.3492862277909007,0.517734815040341,104.85867693337768,9,4,5,4,0,5,0.9999997500000625,0.44444439506173394,0.615384094674843
Copy of 600cell_Rank75_GLP1-5.100_D6_Tile_103,147,CellPose,0.47193266429265135,0.6412421923110759,121.1205366450982,8,9,1,6,3,2,0.6666665925926009,0.7499999062500118,0.7058817716266587
Copy of 600cell_Rank75_GLP1-5.100_D6_Tile_103,147,CellProfiler,0.41080137991197113,0.5823660024171562,167.94582444631502,8,21,13,8,13,0,0.38095236281179223,0.9999998750000157,0.5517237003569962
Copy of 600cell_Rank75_GLP1-5.100_D6_Tile_103,147,YOLO,0.2753055654444049,0.43174839490090255,196.536988581399,8,9,1,4,5,4,0.44444439506173394,0.4999999375000079,0.4705876816614334
Copy of 600cell_Rank75_GLP1-5.100_D6_Tile_105,148,CellPose,0.3837916063675832,0.554695670361849,293.44579773872795,2,7,5,2,5,0,0.285714244897965,0.99999950000025,0.4444440000002222
Copy of 600cell_Rank75_GLP1-5.100_D6_Tile_105,148,CellProfiler,0.210650791061817,0.347995958235096,350.20793608729053,2,15,13,2,13,0,0.13333332444444504,0.99999950000025,0.23529388235305887
Copy of 600cell_Rank75_GLP1-5.100_D6_Tile_105,148,YOLO,0.35282074613284803,0.5216075332100218,143.84530598832083,2,2,0,1,1,1,0.499999750000125,0.499999750000125,0.499999250000625
Copy of 600cell_Rank75_GLP1-5.100_D6_Tile_136,149,CellPose,0.4792234736218139,0.6479392494339699,258.6340683131203,18,11,7,11,0,7,0.9999999090909174,0.6111110771604957,0.7586201664687818
Copy of 600cell_Rank75_GLP1-5.100_D6_Tile_136,149,CellProfiler,0.3975717759790933,0.5689464867742732,110.89633041477083,18,39,21,17,22,1,0.4358974247205789,0.9444443919753115,0.5964907750080037
Copy of 600cell_Rank75_GLP1-5.100_D6_Tile_136,149,YOLO,0.4971586016876184,0.6641361858753163,105.34419759799134,18,15,3,13,2,5,0.8666666088888928,0.7222221820987677,0.7878782442611042
Copy of 600cell_Rank75_GLP1-5.100_D6_Tile_151,150,CellPose,0.49419748897183574,0.6614888495253668,48.05205510693585,22,29,7,20,9,2,0.689655148632581,0.9090908677685968,0.7843132041525563
Copy of 600cell_Rank75_GLP1-5.100_D6_Tile_151,150,CellProfiler,0.4142120302643639,0.585784905516514,61.3673257442508,22,41,19,21,20,1,0.5121951094586559,0.9545454111570267,0.6666661909804035
Copy of 600cell_Rank75_GLP1-5.100_D6_Tile_151,150,YOLO,0.4525333463624371,0.6230952941572202,67.30191586332856,22,15,7,13,2,9,0.8666666088888928,0.590909064049588,0.7027021826153783
Copy of 600cell_Rank75_GLP1-5.100_D6_Tile_160,151,CellPose,0.324133199641142,0.48957793631182495,90.04720945488114,13,14,1,8,6,5,0.5714285306122479,0.615384568047341,0.5925920493831399
Copy of 600cell_Rank75_GLP1-5.100_D6_Tile_160,151,CellProfiler,0.2965942611960311,0.45749741468459154,85.3806183839592,13,44,31,12,32,1,0.27272726652892576,0.9230768520710114,0.42105226469711443
Copy of 600cell_Rank75_GLP1-5.100_D6_Tile_160,151,YOLO,0.34591086606937743,0.5140174951994879,331.53129315545317,13,6,7,3,3,10,0.49999991666668053,0.23076921301775286,0.31578900831082984
Copy of 600cell_Rank75_GLP1-5.100_D6_Tile_163,152,CellPose,0.3019412910593135,0.463832421834692,281.7123532960498,6,15,9,5,10,1,0.3333333111111126,0.8333331944444675,0.4761900226760737
Copy of 600cell_Rank75_GLP1-5.100_D6_Tile_163,152,CellProfiler,0.1814870425981537,0.307217999105693,236.10505642188062,6,41,35,6,35,0,0.14634145984533026,0.9999998333333611,0.2553189153464817
Copy of 600cell_Rank75_GLP1-5.100_D6_Tile_163,152,YOLO,0.36065681015308126,0.5301216404634839,155.24174696260025,6,14,8,6,8,0,0.42857139795918586,0.9999998333333611,0.599999520000284
Copy of 600cell_Rank75_GLP1-5.100_D6_Tile_166,153,CellPose,0.1235838053982006,0.2199814643188137,250.52800233442113,10,2,8,2,0,8,0.99999950000025,0.19999998000000202,0.3333330000001667
Copy of 600cell_Rank75_GLP1-5.100_D6_Tile_166,153,CellProfiler,0.5607671796189803,0.7185788975340661,98.22651884083683,10,18,8,9,9,1,0.49999997222222375,0.8999999100000091,0.6428566377554276
Copy of 600cell_Rank75_GLP1-5.100_D6_Tile_166,153,YOLO,0.6507904662547147,0.7884592012833913,215.24021048531012,10,10,0,8,2,2,0.7999999200000081,0.7999999200000081,0.7999994200003205
Copy of 600cell_Rank75_GLP1-5.100_D6_Tile_178,154,CellPose,0.3017648265955264,0.4636241822337826,91.02884080662173,9,25,16,9,16,0,0.35999998560000057,0.9999998888889013,0.5294113442909325
Copy of 600cell_Rank75_GLP1-5.100_D6_Tile_178,154,CellProfiler,0.3159729053655246,0.4802118707417612,159.4551661111453,9,32,23,9,23,0,0.2812499912109378,0.9999998888889013,0.4390240261751491
Copy of 600cell_Rank75_GLP1-5.100_D6_Tile_178,154,YOLO,0.39123520883026985,0.5624285618234385,135.25242079469243,9,9,0,5,4,4,0.5555554938271674,0.5555554938271674,0.5555549938276174
Copy of 600cell_Rank75_GLP1-5.100_D6_Tile_190,155,CellPose,0.1539039039039039,0.2667534157449577,191.1275751649966,12,5,7,3,2,9,0.599999880000024,0.2499999791666684,0.3529407197236568
Copy of 600cell_Rank75_GLP1-5.100_D6_Tile_190,155,CellProfiler,0.3085614651692798,0.47160408338841503,127.21084345675823,12,41,29,12,29,0,0.2926829196906605,0.9999999166666736,0.4528298212889752
Copy of 600cell_Rank75_GLP1-5.100_D6_Tile_190,155,YOLO,0.5596037313620478,0.7176229706418172,90.41944679558956,12,23,11,12,11,0,0.5217391077504736,0.9999999166666736,0.6857137959186602
Copy of 600cell_Rank75_GLP1-5.100_D6_Tile_51,156,CellPose,0.2146987218502739,0.3535011900288112,172.0749233750791,9,4,5,3,1,6,0.7499998125000469,0.33333329629630043,0.4615379644974229
Copy of 600cell_Rank75_GLP1-5.100_D6_Tile_51,156,CellProfiler,0.2440683968229878,0.3923713478234349,134.09846977611858,9,46,37,9,37,0,0.19565216965973545,0.9999998888889013,0.3272724416531055
Copy of 600cell_Rank75_GLP1-5.100_D6_Tile_51,156,YOLO,0.3306631373641683,0.49699000157043394,139.68527208186404,9,6,3,4,2,5,0.6666665555555741,0.44444439506173394,0.5333327822226585
Copy of 600cell_Rank75_GLP1-5.100_D6_Tile_59,157,CellPose,0.0,0.0,535.9999993482276,7,1,6,0,1,7,0.0,0.0,0.0
Copy of 600cell_Rank75_GLP1-5.100_D6_Tile_59,157,CellProfiler,0.4592550177807245,0.6294376406930877,122.01331697164727,7,27,20,7,20,0,0.2592592496570648,0.9999998571428775,0.411764354671521
Copy of 600cell_Rank75_GLP1-5.100_D6_Tile_59,157,YOLO,0.6143867393360659,0.7611394771351245,59.41198092917859,7,8,1,5,3,2,0.6249999218750099,0.7142856122449125,0.6666660800003831
Copy of 600cell_Rank75_GLP1-5.100_D6_Tile_64,158,CellPose,0.2536228909232727,0.4046238988767724,131.4272296909966,8,24,16,8,16,0,0.333333319444445,0.9999998750000157,0.49999959375026765
Copy of 600cell_Rank75_GLP1-5.100_D6_Tile_64,158,CellProfiler,0.1939434926360084,0.32487884700106995,119.73553980988645,8,45,37,8,37,0,0.1777777738271606,0.9999998750000157,0.30188652474210076
Copy of 600cell_Rank75_GLP1-5.100_D6_Tile_64,158,YOLO,0.3365493757094211,0.5036093418259023,139.82068866004,8,9,1,4,5,4,0.44444439506173394,0.4999999375000079,0.4705876816614334
Copy of 600cell_Rank75_GLP1-5.100_D6_Tile_80,159,CellPose,0.2123065630925439,0.35025227043390517,339.9453575226147,5,20,15,4,16,1,0.1999999900000005,0.799999840000032,0.3199996544002932
Copy of 600cell_Rank75_GLP1-5.100_D6_Tile_80,159,CellProfiler,0.192109513189264,0.32230178698148504,318.92114900305904,5,30,25,4,26,1,0.13333332888888902,0.799999840000032,0.22857117061247884
Copy of 600cell_Rank75_GLP1-5.100_D6_Tile_80,159,YOLO,0.489434139469359,0.6572081658390478,298.27822576892225,5,5,0,4,1,1,0.799999840000032,0.799999840000032,0.7999993400003444
Copy of 600cell_Rank75_GLP1-5.100_E6_Tile_105,160,CellPose,0.32948681865090534,0.49566015101263144,192.58438195838806,8,17,9,6,11,2,0.35294115570934376,0.7499999062500118,0.47999952640038734
Copy of 600cell_Rank75_GLP1-5.100_E6_Tile_105,160,CellProfiler,0.3263902816376816,0.49214818014904416,121.03821127842181,8,35,27,6,29,2,0.1714285665306124,0.7499999062500118,0.27906945159576796
Copy of 600cell_Rank75_GLP1-5.100_E6_Tile_105,160,YOLO,0.5009880864999153,0.6675443876015649,56.21075681793094,8,10,2,6,4,2,0.599999940000006,0.7499999062500118,0.6666660987658048
Copy of 600cell_Rank75_GLP1-5.100_E6_Tile_131,161,CellPose,0.6094283634734897,0.757322757948932,95.35250029881246,7,13,6,7,6,0,0.5384614970414233,0.9999998571428775,0.6999994750002938
Copy of 600cell_Rank75_GLP1-5.100_E6_Tile_131,161,CellProfiler,0.4830938292476754,0.6514676546024508,179.56994189807943,7,23,16,7,16,0,0.3043478128544429,0.9999998571428775,0.4666662777780352
Copy of 600cell_Rank75_GLP1-5.100_E6_Tile_131,161,YOLO,0.5500638569604087,0.7097305759248579,147.81575440757632,7,8,1,6,2,1,0.7499999062500118,0.857142734693895,0.7999993955558788
Copy of 600cell_Rank75_GLP1-5.100_E6_Tile_137,162,CellPose,0.34687108424854424,0.5150768893996607,174.327052358633,5,10,5,5,5,0,0.499999950000005,0.99999980000004,0.6666661333336267
Copy of 600cell_Rank75_GLP1-5.100_E6_Tile_137,162,CellProfiler,0.20673258359121444,0.34263197398048534,183.58031723768164,5,48,43,5,43,0,0.10416666449652782,0.99999980000004,0.18867906728386105
Copy of 600cell_Rank75_GLP1-5.100_E6_Tile_137,162,YOLO,0.48632730332351704,0.6544013586187376,81.12694740086414,5,5,0,3,2,2,0.599999880000024,0.599999880000024,0.5999993800004407
Copy of 600cell_Rank75_GLP1-5.100_E6_Tile_23,163,CellPose,0.34411239964317575,0.5120292019246723,184.05352481339813,5,8,3,3,5,2,0.3749999531250059,0.599999880000024,0.46153791716025155
Copy of 600cell_Rank75_GLP1-5.100_E6_Tile_23,163,CellProfiler,0.36341569137407886,0.5330959496407452,205.2414386798181,5,31,26,5,26,0,0.1612903173777317,0.99999980000004,0.27777752314832604
Copy of 600cell_Rank75_GLP1-5.100_E6_Tile_23,163,YOLO,0.6851533742331288,0.8131644094946847,203.15150718876146,5,6,1,5,1,0,0.8333331944444675,0.99999980000004,0.9090902479341832
Copy of 600cell_Rank75_GLP1-5.100_E6_Tile_92,164,CellPose,0.047577813056237074,0.09083394562821455,310.69114071726705,15,4,11,2,2,13,0.49999987500003124,0.13333332444444504,0.21052596121932848
Copy of 600cell_Rank75_GLP1-5.100_E6_Tile_92,164,CellProfiler,0.37070048309178744,0.5408920295346009,82.0,15,44,29,15,29,0,0.3409090831611572,0.9999999333333378,0.5084741798336565
Copy of 600cell_Rank75_GLP1-5.100_E6_Tile_92,164,YOLO,0.3979246768888683,0.5693077509361434,155.79453171896085,15,11,4,8,3,7,0.7272726611570308,0.5333332977777802,0.6153840798820459
Copy of 600cell_Rank75_GLP1-6.100_D7_Tile_119,165,CellPose,0.31363936903749884,0.4775121337407873,96.77877924808668,13,23,10,10,13,3,0.4347825897920613,0.7692307100591762,0.5555550632719857
Copy of 600cell_Rank75_GLP1-6.100_D7_Tile_119,165,CellProfiler,0.2180439079109022,0.35802306714028853,108.22291657573791,13,46,33,11,35,2,0.23913042958412112,0.8461537810650938,0.3728809997130327
Copy of 600cell_Rank75_GLP1-6.100_D7_Tile_119,165,YOLO,0.25044236602628916,0.40056602820033355,125.09856112827876,13,8,5,3,5,10,0.3749999531250059,0.23076921301775286,0.28571378684884835
Copy of 600cell_Rank75_GLP1-6.100_D7_Tile_125,166,CellPose,0.3962829208138818,0.5676255362099419,190.0,6,12,6,6,6,0,0.4999999583333368,0.9999998333333611,0.6666661481484404
Copy of 600cell_Rank75_GLP1-6.100_D7_Tile_125,166,CellProfiler,0.2198749491287136,0.3604876865218974,154.36189466893595,6,34,28,6,28,0,0.17647058304498286,0.9999998333333611,0.29999973000019303
Copy of 600cell_Rank75_GLP1-6.100_D7_Tile_125,166,YOLO,0.45334561080417435,0.6238648363252376,187.42810918853132,6,7,1,5,2,1,0.7142856122449125,0.8333331944444675,0.7692301538464923
Copy of 600cell_Rank75_GLP1-6.100_D7_Tile_136,167,CellPose,0.3340022685629526,0.5007521747661717,243.4839623064497,3,9,6,2,7,1,0.22222219753086697,0.6666664444445185,0.3333329027781673
Copy of 600cell_Rank75_GLP1-6.100_D7_Tile_136,167,CellProfiler,0.2813056379821958,0.43909217230199166,244.4161109279629,3,20,17,3,17,0,0.14999999250000037,0.9999996666667778,0.26086931569013283
Copy of 600cell_Rank75_GLP1-6.100_D7_Tile_136,167,YOLO,0.4108639420589757,0.5824288647697272,162.01882574658876,3,5,2,2,3,1,0.399999920000016,0.6666664444445185,0.49999940625045514
Copy of 600cell_Rank75_GLP1-6.100_D7_Tile_162,168,CellPose,0.26600246870040556,0.4202242495995543,169.6432882557547,5,15,10,5,10,0,0.3333333111111126,0.99999980000004,0.4999995750002612
Copy of 600cell_Rank75_GLP1-6.100_D7_Tile_162,168,CellProfiler,0.09847975537290451,0.1793019031825002,168.43485385413126,5,49,44,5,44,0,0.10204081424406503,0.99999980000004,0.185185010288194
Copy of 600cell_Rank75_GLP1-6.100_D7_Tile_162,168,YOLO,0.126739438380135,0.22496672089927525,205.3368996000968,5,9,4,2,7,3,0.22222219753086697,0.399999920000016,0.2857137857150179
Copy of 600cell_Rank75_GLP1-6.100_D7_Tile_165,169,CellPose,0.26699494788002814,0.42146174035937817,162.86678831861212,10,21,11,7,14,3,0.3333333174603182,0.699999930000007,0.45161243704516185
Copy of 600cell_Rank75_GLP1-6.100_D7_Tile_165,169,CellProfiler,0.6184836202207367,0.7642754149546287,134.4222056152874,10,29,19,9,20,1,0.3103448168846615,0.8999999100000091,0.46153805654205304
Copy of 600cell_Rank75_GLP1-6.100_D7_Tile_165,169,YOLO,0.72344226121677,0.8395317644189733,49.43830216063751,10,15,5,8,7,2,0.5333332977777802,0.7999999200000081,0.639999468800361
Copy of 600cell_Rank75_GLP1-6.100_D7_Tile_166,170,CellPose,0.40554422939447693,0.5770636325961647,66.72967837470249,9,19,10,8,11,1,0.4210526094182837,0.8888887901234679,0.571428094388082
Copy of 600cell_Rank75_GLP1-6.100_D7_Tile_166,170,CellProfiler,0.37375495991578267,0.5441362845942999,94.78501880361989,9,37,28,8,29,1,0.21621621037253486,0.8888887901234679,0.3478257570891163
Copy of 600cell_Rank75_GLP1-6.100_D7_Tile_166,170,YOLO,0.462331256490135,0.6323208294129135,61.606784972895575,9,23,14,8,15,1,0.34782607183364905,0.8888887901234679,0.49999956445344196
Copy of 600cell_Rank75_GLP1-6.100_D7_Tile_23,171,CellPose,0.3401880657351261,0.507672131147541,143.71707622526995,7,7,0,5,2,2,0.7142856122449125,0.7142856122449125,0.7142851122452626
Copy of 600cell_Rank75_GLP1-6.100_D7_Tile_23,171,CellProfiler,0.19286764030495085,0.3233680482029761,217.28413802203107,7,43,36,7,36,0,0.16279069388858852,0.9999998571428775,0.27999974800018684
Copy of 600cell_Rank75_GLP1-6.100_D7_Tile_23,171,YOLO,0.40067835658517853,0.5721204367889615,215.56955669376353,7,12,5,5,7,2,0.41666663194444736,0.7142856122449125,0.526315268698471
Copy of 600cell_Rank75_GLP1-6.100_D7_Tile_37,172,CellPose,0.5704682015586888,0.7264944313963179,74.62573282722254,16,24,8,15,9,1,0.6249999739583344,0.9374999414062536,0.749999482500307
Copy of 600cell_Rank75_GLP1-6.100_D7_Tile_37,172,CellProfiler,0.4723551665982953,0.6416320970837719,91.93910524340093,16,40,24,16,24,0,0.39999999000000025,0.9999999375000038,0.5714281428574286
Copy of 600cell_Rank75_GLP1-6.100_D7_Tile_37,172,YOLO,0.4779045643153527,0.6467326454692216,155.76549777037823,16,14,2,12,2,4,0.8571427959183717,0.7499999531250029,0.799999448889202
Copy of 600cell_Rank75_GLP1-6.100_D7_Tile_47,173,CellPose,0.6324716668788998,0.7748638824318632,92.88572982287657,13,23,10,12,11,1,0.5217391077504736,0.9230768520710114,0.6666661682101936
Copy of 600cell_Rank75_GLP1-6.100_D7_Tile_47,173,CellProfiler,0.48400529597676606,0.6522959146964442,100.3585736794437,13,36,23,13,23,0,0.36111110108024724,0.9999999230769291,0.5306118334030272
Copy of 600cell_Rank75_GLP1-6.100_D7_Tile_47,173,YOLO,0.6463460303873315,0.7851885550879816,55.86948974821779,13,15,2,10,5,3,0.6666666222222252,0.7692307100591762,0.7142851658166763
Copy of 600cell_Rank75_GLP1-6.100_D7_Tile_76,174,CellPose,0.4397543622166829,0.610874151531829,73.50646048872166,28,38,10,24,14,4,0.6315789307479229,0.8571428265306134,0.7272722167129085
Copy of 600cell_Rank75_GLP1-6.100_D7_Tile_76,174,CellProfiler,0.4154937491220677,0.5870654665621372,81.10885392824751,28,58,30,26,32,2,0.4482758543400715,0.9285713954081645,0.6046507095730584
Copy of 600cell_Rank75_GLP1-6.100_D7_Tile_76,174,YOLO,0.44996552228514114,0.6206568575175455,85.0,28,22,6,18,4,10,0.8181817809917372,0.64285711989796,0.719999478400338
Copy of 600cell_Rank75_GLP1-6.100_D7_Tile_88,175,CellPose,0.38707565226150903,0.5581175787065616,159.36371852525522,11,20,9,10,10,1,0.4999999750000012,0.9090908264462886,0.6451607908431942
Copy of 600cell_Rank75_GLP1-6.100_D7_Tile_88,175,CellProfiler,0.31542936371582725,0.479583887081252,130.58808519682273,11,37,26,11,26,0,0.2972972892622354,0.9999999090909174,0.4583329609377609
Copy of 600cell_Rank75_GLP1-6.100_D7_Tile_88,175,YOLO,0.4395472366257746,0.6106742806940478,174.31056382989271,11,8,3,7,1,4,0.8749998906250137,0.636363578512402,0.7368415401665331
Copy of 600cell_Rank75_GLP1-6.100_D7_Tile_90,176,CellPose,0.24671381351372126,0.39578259395135185,233.02369959979706,6,37,31,6,31,0,0.16216215777940116,0.9999998333333611,0.27906951433225446
Copy of 600cell_Rank75_GLP1-6.100_D7_Tile_90,176,CellProfiler,0.21101393418321968,0.34849133973927415,238.48268076454343,6,32,26,6,26,0,0.1874999941406252,0.9999998333333611,0.3157891911359343
Copy of 600cell_Rank75_GLP1-6.100_D7_Tile_90,176,YOLO,0.2956037151702786,0.4563181036130759,124.63445555006183,6,4,2,4,0,2,0.9999997500000625,0.6666665555555741,0.7999993600003121
Copy of 600cell_Rank75_GLP1-6.100_E7_Tile_117,177,CellPose,0.4105734223300971,0.5821369038016885,116.7835582080046,9,14,5,8,6,1,0.5714285306122479,0.8888887901234679,0.6956516370513672
Copy of 600cell_Rank75_GLP1-6.100_E7_Tile_117,177,CellProfiler,0.3111198738170347,0.47458646616541356,116.77756633874505,9,21,12,8,13,1,0.38095236281179223,0.8888887901234679,0.5333328777781003
Copy of 600cell_Rank75_GLP1-6.100_E7_Tile_117,177,YOLO,0.0,0.0,500.0,9,0,9,0,0,9,0.0,0.0,0.0
Copy of 600cell_Rank75_GLP1-6.100_E7_Tile_119,178,CellPose,0.31928116422393704,0.48402292533563634,119.4729868199695,6,16,10,5,11,1,0.3124999804687512,0.8333331944444675,0.4545450165292569
Copy of 600cell_Rank75_GLP1-6.100_E7_Tile_119,178,CellProfiler,0.24443827176081412,0.3928491710801323,136.59721717721442,6,41,35,6,35,0,0.14634145984533026,0.9999998333333611,0.2553189153464817
Copy of 600cell_Rank75_GLP1-6.100_E7_Tile_119,178,YOLO,0.4515379508740872,0.622151078588307,143.3833397347613,6,13,7,5,8,1,0.3846153550295881,0.8333331944444675,0.5263153019394046
Copy of 600cell_Rank75_GLP1-6.100_E7_Tile_132,179,CellPose,0.35996011522269,0.5293686354378819,149.40513581158226,7,18,11,7,11,0,0.3888888672839518,0.9999998571428775,0.5599995520002784
Copy of 600cell_Rank75_GLP1-6.100_E7_Tile_132,179,CellProfiler,0.3515103962338172,0.5201741654571843,137.88908090561392,7,27,20,7,20,0,0.2592592496570648,0.9999998571428775,0.411764354671521
Copy of 600cell_Rank75_GLP1-6.100_E7_Tile_132,179,YOLO,0.32064351704364447,0.48558678084670126,273.70253660979773,7,3,4,3,0,4,0.9999996666667778,0.4285713673469475,0.599999460000286
Copy of 600cell_Rank75_GLP1-6.100_E7_Tile_137,180,CellPose,0.18525885408033593,0.3126048853253776,278.8998913949582,4,21,17,4,17,0,0.19047618140589612,0.9999997500000625,0.3199997056001909
Copy of 600cell_Rank75_GLP1-6.100_E7_Tile_137,180,CellProfiler,0.1479382318004412,0.25774597918637654,287.05356560415385,4,36,32,4,32,0,0.11111110802469146,0.9999997500000625,0.19999981000013053
Copy of 600cell_Rank75_GLP1-6.100_E7_Tile_137,180,YOLO,0.2504481434058899,0.4005734179807495,291.6024691253488,4,9,5,3,6,1,0.33333329629630043,0.7499998125000469,0.4615379644974229
Copy of 600cell_Rank75_GLP1-6.100_E7_Tile_147,181,CellPose,0.612241027137438,0.7594906925603829,62.52111799470795,20,36,16,20,16,0,0.5555555401234572,0.9999999500000024,0.7142852295921299
Copy of 600cell_Rank75_GLP1-6.100_E7_Tile_147,181,CellProfiler,0.5705804377256317,0.7265854381223457,66.07117312083642,20,38,18,18,20,2,0.4736841980609422,0.8999999550000022,0.6206891819266047
Copy of 600cell_Rank75_GLP1-6.100_E7_Tile_147,181,YOLO,0.5710031222480185,0.7269280552809401,57.245087125446844,20,24,4,17,7,3,0.7083333038194456,0.8499999575000021,0.7727267417358566
Copy of 600cell_Rank75_GLP1-6.100_E7_Tile_165,182,CellPose,0.26201078889250934,0.41522749440587525,90.54860284180985,16,18,2,8,10,8,0.4444444197530878,0.4999999687500019,0.4705877093430895
Copy of 600cell_Rank75_GLP1-6.100_E7_Tile_165,182,CellProfiler,0.3922187436881438,0.5634441361550877,99.74240273063158,16,36,20,15,21,1,0.41666665509259293,0.9374999414062536,0.5769226286985347
Copy of 600cell_Rank75_GLP1-6.100_E7_Tile_165,182,YOLO,0.34472371574787847,0.5127056386540453,92.49323020071536,16,23,7,11,12,5,0.4782608487712674,0.6874999570312527,0.5641020512824663
Copy of 600cell_Rank75_GLP1-6.100_E7_Tile_48,183,CellPose,0.15130961829857853,0.262847831536726,282.0031027602449,8,6,2,4,2,4,0.6666665555555741,0.4999999375000079,0.5714280000004287
Copy of 600cell_Rank75_GLP1-6.100_E7_Tile_48,183,CellProfiler,0.28492462311557787,0.44348846304262807,181.05276165096723,8,37,29,8,29,0,0.21621621037253486,0.9999998750000157,0.35555524740763006
Copy of 600cell_Rank75_GLP1-6.100_E7_Tile_48,183,YOLO,0.5065824825362708,0.6724921979491753,207.69234597290753,8,9,1,6,3,2,0.6666665925926009,0.7499999062500118,0.7058817716266587
Copy of 600cell_Rank75_GLP1-6.100_E7_Tile_62,184,CellPose,0.5959331060499082,0.7468146425321064,84.12044910757203,22,20,2,18,2,4,0.8999999550000022,0.8181817809917372,0.8571423174606095
Copy of 600cell_Rank75_GLP1-6.100_E7_Tile_62,184,CellProfiler,0.4678087170896678,0.6374246339362618,65.26943786703646,22,42,20,21,21,1,0.49999998809523843,0.9545454111570267,0.6562495283206203
Copy of 600cell_Rank75_GLP1-6.100_E7_Tile_62,184,YOLO,0.5112768602379684,0.6766157461809635,68.94309231185743,22,21,1,16,5,6,0.7619047256235845,0.7272726942148775,0.744185512169077
Copy of 600cell_Rank75_GLP1-6.100_E7_Tile_64,185,CellPose,0.5507820434694292,0.7103281157901631,104.07256243157296,15,24,9,15,9,0,0.6249999739583344,0.9999999333333378,0.769230256410547
Copy of 600cell_Rank75_GLP1-6.100_E7_Tile_64,185,CellProfiler,0.4565126050420168,0.6268570604355979,115.47293251659342,15,35,20,14,21,1,0.39999998857142893,0.9333332711111153,0.5599995576003096
Copy of 600cell_Rank75_GLP1-6.100_E7_Tile_64,185,YOLO,0.5705016572102691,0.7265215602811511,68.36921418315644,15,16,1,11,5,4,0.6874999570312527,0.7333332844444478,0.7096768740898447
Copy of 600cell_Rank75_GLP1-6.100_E7_Tile_65,186,CellPose,0.3249764963961141,0.49053926206244086,226.72317502261836,3,7,4,2,5,1,0.285714244897965,0.6666664444445185,0.39999950000042495
Copy of 600cell_Rank75_GLP1-6.100_E7_Tile_65,186,CellProfiler,0.2154866645170206,0.35456853753742373,276.0756232954907,3,25,22,3,22,0,0.11999999520000018,0.9999996666667778,0.21428550765318902
Copy of 600cell_Rank75_GLP1-6.100_E7_Tile_65,186,YOLO,0.5682429834678969,0.7246874233880853,228.76531836407625,3,6,3,3,3,0,0.49999991666668053,0.9999996666667778,0.6666660740743786
Copy of 600cell_Rank75_GLP1-6.100_E7_Tile_78,187,CellPose,0.6000312353584257,0.750024402147389,52.40739338710986,26,33,7,24,9,2,0.7272727052341605,0.9230768875739658,0.8135588014941229
Copy of 600cell_Rank75_GLP1-6.100_E7_Tile_78,187,CellProfiler,0.5681052555483265,0.7245754116800973,89.25832915459077,26,40,14,23,17,3,0.5749999856250004,0.8846153505917173,0.696969198347434
Copy of 600cell_Rank75_GLP1-6.100_E7_Tile_78,187,YOLO,0.5602306482614013,0.718138243067688,49.51262388018442,26,21,5,17,4,9,0.8095237709750585,0.6538461286982258,0.7234037301949968
Copy of 600cell_Rank75_GLP1-6.100_E7_Tile_90,188,CellPose,0.3288515851863638,0.49494102855774413,162.66347432312827,10,22,12,9,13,1,0.4090908904958686,0.8999999100000091,0.5624995351565717
Copy of 600cell_Rank75_GLP1-6.100_E7_Tile_90,188,CellProfiler,0.2830852745548364,0.44125714817053324,167.06891195252715,10,34,24,9,25,1,0.2647058745674743,0.8999999100000091,0.40909053925648725
Copy of 600cell_Rank75_GLP1-6.100_E7_Tile_90,188,YOLO,0.3225806451612903,0.4878048780487805,196.1060861374436,10,8,2,6,2,4,0.7499999062500118,0.599999940000006,0.6666660987658048
Copy of 600cell_Rank75_PosC_C9_Tile_112,189,CellPose,0.44415889566047434,0.6151108399430547,186.83414930982033,13,48,35,13,35,0,0.27083332769097235,0.9999999230769291,0.4262291588285256
Copy of 600cell_Rank75_PosC_C9_Tile_112,189,CellProfiler,0.3972620548889091,0.5686292753731066,182.95789928319172,13,53,40,13,40,0,0.24528301423994314,0.9999999230769291,0.39393906565680903
Copy of 600cell_Rank75_PosC_C9_Tile_112,189,YOLO,0.5235009883593236,0.6872341959201327,183.5803657699043,13,30,17,13,17,0,0.4333333188888894,0.9999999230769291,0.6046507128180277
Copy of 600cell_Rank75_PosC_C9_Tile_152,190,CellPose,0.3039967702866371,0.4662538699690402,166.6411252282608,2,8,6,2,6,0,0.24999996875000394,0.99999950000025,0.3999996000002001
Copy of 600cell_Rank75_PosC_C9_Tile_152,190,CellProfiler,0.1704124356321286,0.29120065789473687,308.2107909221606,2,22,20,2,20,0,0.09090908677685969,0.99999950000025,0.16666650000008335
Copy of 600cell_Rank75_PosC_C9_Tile_152,190,YOLO,0.2747098839535814,0.43101553916182705,177.0334783619674,2,6,4,2,4,0,0.33333327777778704,0.99999950000025,0.49999950000025
Copy of 600cell_Rank75_PosC_C9_Tile_86,191,CellPose,0.13201294697903823,0.233235754646334,266.0683174079987,12,4,8,3,1,9,0.7499998125000469,0.2499999791666684,0.3749995781253496
Copy of 600cell_Rank75_PosC_C9_Tile_86,191,CellProfiler,0.2158076225045372,0.3550029108387694,143.95606959461045,12,66,54,12,54,0,0.18181817906336092,0.9999999166666736,0.30769203944794
Copy of 600cell_Rank75_PosC_C9_Tile_86,191,YOLO,0.4512558681424117,0.6218832640725349,111.08845523132487,12,22,10,11,11,1,0.49999997727272827,0.9166665902777842,0.6470583287200428
Copy of 600cell_Rank75_PosC_D8_Tile_111,192,CellPose,0.5642530984996739,0.7214345287739783,195.35441954657313,7,11,4,7,4,0,0.636363578512402,0.9999998571428775,0.7777772160496772
Copy of 600cell_Rank75_PosC_D8_Tile_111,192,CellProfiler,0.3210622990968927,0.48606685591796533,202.55493051666298,7,25,18,7,18,0,0.27999998880000043,0.9999998571428775,0.4374996308596239
Copy of 600cell_Rank75_PosC_D8_Tile_111,192,YOLO,0.48882406113895965,0.656657927418242,43.26878373590749,7,8,1,6,2,1,0.7499999062500118,0.857142734693895,0.7999993955558788
Copy of 600cell_Rank75_PosC_D8_Tile_160,193,CellPose,0.1631268436578171,0.2804970834390058,256.9708154635464,1,12,11,1,11,0,0.08333332638888948,0.9999990000010001,0.15384598816570508
Copy of 600cell_Rank75_PosC_D8_Tile_160,193,CellProfiler,0.1351858534824973,0.2381739572736521,364.23371512521663,1,15,14,1,14,0,0.06666666222222252,0.9999990000010001,0.12499986718751611
Copy of 600cell_Rank75_PosC_D8_Tile_160,193,YOLO,0.3919075144508671,0.5631229235880398,257.492164229561,1,4,3,1,3,0,0.24999993750001562,0.9999990000010001,0.399999520000176
Copy of 600cell_Rank75_PosC_D8_Tile_189,194,CellPose,0.24366327474560592,0.39184766438559954,136.5563980980782,14,13,1,8,5,6,0.615384568047341,0.5714285306122479,0.5925920493831399
Copy of 600cell_Rank75_PosC_D8_Tile_189,194,CellProfiler,0.20157571426140522,0.33551895543313554,247.7897178656047,14,44,30,13,31,1,0.2954545387396696,0.9285713622449028,0.44827548038078996
Copy of 600cell_Rank75_PosC_D8_Tile_189,194,YOLO,0.4048773021784603,0.5763881323310455,186.0080586303886,14,24,10,12,12,2,0.4999999791666675,0.8571427959183717,0.6315784487538035
Copy of 600cell_Rank75_PosC_D8_Tile_22,195,CellPose,0.28732550614773045,0.44639138240574505,178.96927480295858,9,16,7,9,7,0,0.5624999648437522,0.9999998888889013,0.7199994816002934
Copy of 600cell_Rank75_PosC_D8_Tile_22,195,CellProfiler,0.21377982534552706,0.3522547020167686,185.42491049245157,9,33,24,7,26,2,0.21212120569329682,0.7777776913580343,0.33333298072594897
Copy of 600cell_Rank75_PosC_D8_Tile_22,195,YOLO,0.4303366192704311,0.6017277520167693,110.45065531867557,9,11,2,6,5,3,0.5454544958677732,0.6666665925926009,0.5999994450004136
Copy of 600cell_Rank75_PosC_D8_Tile_24,196,CellPose,0.37795095118038047,0.5485695276114437,82.27754794978513,12,28,16,12,16,0,0.4285714132653067,0.9999999166666736,0.5999995500002876
Copy of 600cell_Rank75_PosC_D8_Tile_24,196,CellProfiler,0.3058466116932234,0.4684265501851676,98.41747772919528,12,45,33,12,33,0,0.2666666607407409,0.9999999166666736,0.4210522843954498
Copy of 600cell_Rank75_PosC_D8_Tile_24,196,YOLO,0.3297647814516869,0.4959746055113401,87.45964508847845,12,24,12,11,13,1,0.4583333142361119,0.9166665902777842,0.6111106327163683
Copy of 700cell_NoDMSO_NegC_G7_Tile_101,197,CellPose,0.0,0.0,500.0,0,30,30,0,30,0,0.0,0.0,0.0
Copy of 700cell_NoDMSO_NegC_G7_Tile_101,197,CellProfiler,0.0,0.0,500.0,0,18,18,0,18,0,0.0,0.0,0.0
Copy of 700cell_NoDMSO_NegC_G7_Tile_101,197,YOLO,1.0,1.0,0.0,0,0,0,0,0,0,1.0,1.0,0.99999950000025
Copy of 700cell_NoDMSO_NegC_G7_Tile_104,198,CellPose,0.0,0.0,500.0,0,44,44,0,44,0,0.0,0.0,0.0
Copy of 700cell_NoDMSO_NegC_G7_Tile_104,198,CellProfiler,0.0,0.0,500.0,0,12,12,0,12,0,0.0,0.0,0.0
Copy of 700cell_NoDMSO_NegC_G7_Tile_104,198,YOLO,1.0,1.0,0.0,0,0,0,0,0,0,1.0,1.0,0.99999950000025
Copy of 700cell_NoDMSO_NegC_G7_Tile_111,199,CellPose,0.0,0.0,500.0,0,29,29,0,29,0,0.0,0.0,0.0
Copy of 700cell_NoDMSO_NegC_G7_Tile_111,199,CellProfiler,0.0,0.0,500.0,0,22,22,0,22,0,0.0,0.0,0.0
Copy of 700cell_NoDMSO_NegC_G7_Tile_111,199,YOLO,1.0,1.0,0.0,0,0,0,0,0,0,1.0,1.0,0.99999950000025
Copy of 700cell_NoDMSO_NegC_G7_Tile_114,200,CellPose,0.0,0.0,500.0,0,30,30,0,30,0,0.0,0.0,0.0
Copy of 700cell_NoDMSO_NegC_G7_Tile_114,200,CellProfiler,0.0,0.0,500.0,0,13,13,0,13,0,0.0,0.0,0.0
Copy of 700cell_NoDMSO_NegC_G7_Tile_114,200,YOLO,1.0,1.0,0.0,0,0,0,0,0,0,1.0,1.0,0.99999950000025
Copy of 700cell_NoDMSO_NegC_G7_Tile_129,201,CellPose,0.0,0.0,500.0,0,14,14,0,14,0,0.0,0.0,0.0
Copy of 700cell_NoDMSO_NegC_G7_Tile_129,201,CellProfiler,0.0,0.0,500.0,0,13,13,0,13,0,0.0,0.0,0.0
Copy of 700cell_NoDMSO_NegC_G7_Tile_129,201,YOLO,1.0,1.0,0.0,0,0,0,0,0,0,1.0,1.0,0.99999950000025
Copy of 700cell_NoDMSO_NegC_G7_Tile_133,202,CellPose,0.0,0.0,500.0,0,39,39,0,39,0,0.0,0.0,0.0
Copy of 700cell_NoDMSO_NegC_G7_Tile_133,202,CellProfiler,0.0,0.0,500.0,0,23,23,0,23,0,0.0,0.0,0.0
Copy of 700cell_NoDMSO_NegC_G7_Tile_133,202,YOLO,1.0,1.0,0.0,0,0,0,0,0,0,1.0,1.0,0.99999950000025
Copy of 700cell_NoDMSO_NegC_G7_Tile_159,203,CellPose,0.0,0.0,500.0,0,21,21,0,21,0,0.0,0.0,0.0
Copy of 700cell_NoDMSO_NegC_G7_Tile_159,203,CellProfiler,0.0,0.0,500.0,0,37,37,0,37,0,0.0,0.0,0.0
Copy of 700cell_NoDMSO_NegC_G7_Tile_159,203,YOLO,1.0,1.0,0.0,0,0,0,0,0,0,1.0,1.0,0.99999950000025
Copy of 700cell_NoDMSO_NegC_G7_Tile_163,204,CellPose,0.0,0.0,500.0,0,43,43,0,43,0,0.0,0.0,0.0
Copy of 700cell_NoDMSO_NegC_G7_Tile_163,204,CellProfiler,0.0,0.0,500.0,0,16,16,0,16,0,0.0,0.0,0.0
Copy of 700cell_NoDMSO_NegC_G7_Tile_163,204,YOLO,1.0,1.0,0.0,0,0,0,0,0,0,1.0,1.0,0.99999950000025
Copy of 700cell_NoDMSO_NegC_G7_Tile_176,205,CellPose,0.0,0.0,500.0,0,30,30,0,30,0,0.0,0.0,0.0
Copy of 700cell_NoDMSO_NegC_G7_Tile_176,205,CellProfiler,0.0,0.0,500.0,0,51,51,0,51,0,0.0,0.0,0.0
Copy of 700cell_NoDMSO_NegC_G7_Tile_176,205,YOLO,1.0,1.0,0.0,0,0,0,0,0,0,1.0,1.0,0.99999950000025
Copy of 700cell_NoDMSO_NegC_G7_Tile_19,206,CellPose,0.0,0.0,500.0,0,82,82,0,82,0,0.0,0.0,0.0
Copy of 700cell_NoDMSO_NegC_G7_Tile_19,206,CellProfiler,0.0,0.0,500.0,0,46,46,0,46,0,0.0,0.0,0.0
Copy of 700cell_NoDMSO_NegC_G7_Tile_19,206,YOLO,1.0,1.0,0.0,0,0,0,0,0,0,1.0,1.0,0.99999950000025
Copy of 700cell_NoDMSO_NegC_G7_Tile_26,207,CellPose,0.0,0.0,500.0,0,36,36,0,36,0,0.0,0.0,0.0
Copy of 700cell_NoDMSO_NegC_G7_Tile_26,207,CellProfiler,0.0,0.0,500.0,0,42,42,0,42,0,0.0,0.0,0.0
Copy of 700cell_NoDMSO_NegC_G7_Tile_26,207,YOLO,1.0,1.0,0.0,0,0,0,0,0,0,1.0,1.0,0.99999950000025
Copy of 700cell_NoDMSO_NegC_G7_Tile_47,208,CellPose,0.0,0.0,500.0,0,21,21,0,21,0,0.0,0.0,0.0
Copy of 700cell_NoDMSO_NegC_G7_Tile_47,208,CellProfiler,0.0,0.0,500.0,0,21,21,0,21,0,0.0,0.0,0.0
Copy of 700cell_NoDMSO_NegC_G7_Tile_47,208,YOLO,1.0,1.0,0.0,0,0,0,0,0,0,1.0,1.0,0.99999950000025
Copy of 700cell_NoDMSO_NegC_G7_Tile_56,209,CellPose,0.0,0.0,500.0,0,47,47,0,47,0,0.0,0.0,0.0
Copy of 700cell_NoDMSO_NegC_G7_Tile_56,209,CellProfiler,0.0,0.0,500.0,0,32,32,0,32,0,0.0,0.0,0.0
Copy of 700cell_NoDMSO_NegC_G7_Tile_56,209,YOLO,1.0,1.0,0.0,0,0,0,0,0,0,1.0,1.0,0.99999950000025
Copy of 700cell_NoDMSO_NegC_G7_Tile_63,210,CellPose,0.0,0.0,500.0,0,18,18,0,18,0,0.0,0.0,0.0
Copy of 700cell_NoDMSO_NegC_G7_Tile_63,210,CellProfiler,0.0,0.0,500.0,0,27,27,0,27,0,0.0,0.0,0.0
Copy of 700cell_NoDMSO_NegC_G7_Tile_63,210,YOLO,1.0,1.0,0.0,0,0,0,0,0,0,1.0,1.0,0.99999950000025
Copy of 700cell_NoDMSO_NegC_G7_Tile_65,211,CellPose,0.0,0.0,500.0,0,25,25,0,25,0,0.0,0.0,0.0
Copy of 700cell_NoDMSO_NegC_G7_Tile_65,211,CellProfiler,0.0,0.0,500.0,0,18,18,0,18,0,0.0,0.0,0.0
Copy of 700cell_NoDMSO_NegC_G7_Tile_65,211,YOLO,1.0,1.0,0.0,0,0,0,0,0,0,1.0,1.0,0.99999950000025
Copy of 700cell_NoDMSO_NegC_G7_Tile_69,212,CellPose,0.0,0.0,500.0,0,36,36,0,36,0,0.0,0.0,0.0
Copy of 700cell_NoDMSO_NegC_G7_Tile_69,212,CellProfiler,0.0,0.0,500.0,0,24,24,0,24,0,0.0,0.0,0.0
Copy of 700cell_NoDMSO_NegC_G7_Tile_69,212,YOLO,1.0,1.0,0.0,0,0,0,0,0,0,1.0,1.0,0.99999950000025
Copy of 700cell_NoDMSO_NegC_G7_Tile_72,213,CellPose,0.0,0.0,500.0,0,39,39,0,39,0,0.0,0.0,0.0
Copy of 700cell_NoDMSO_NegC_G7_Tile_72,213,CellProfiler,0.0,0.0,500.0,0,21,21,0,21,0,0.0,0.0,0.0
Copy of 700cell_NoDMSO_NegC_G7_Tile_72,213,YOLO,1.0,1.0,0.0,0,0,0,0,0,0,1.0,1.0,0.99999950000025
Copy of 700cell_NoDMSO_NegC_G7_Tile_81,214,CellPose,0.0,0.0,500.0,0,69,69,0,69,0,0.0,0.0,0.0
Copy of 700cell_NoDMSO_NegC_G7_Tile_81,214,CellProfiler,0.0,0.0,500.0,0,23,23,0,23,0,0.0,0.0,0.0
Copy of 700cell_NoDMSO_NegC_G7_Tile_81,214,YOLO,1.0,1.0,0.0,0,0,0,0,0,0,1.0,1.0,0.99999950000025
Copy of 700cell_NoDMSO_NegC_G7_Tile_83,215,CellPose,0.0,0.0,500.0,0,28,28,0,28,0,0.0,0.0,0.0
Copy of 700cell_NoDMSO_NegC_G7_Tile_83,215,CellProfiler,0.0,0.0,500.0,0,35,35,0,35,0,0.0,0.0,0.0
Copy of 700cell_NoDMSO_NegC_G7_Tile_83,215,YOLO,1.0,1.0,0.0,0,0,0,0,0,0,1.0,1.0,0.99999950000025
Copy of 700cell_NoDMSO_NegC_G7_Tile_91,216,CellPose,0.0,0.0,500.0,0,65,65,0,65,0,0.0,0.0,0.0
Copy of 700cell_NoDMSO_NegC_G7_Tile_91,216,CellProfiler,0.0,0.0,500.0,0,5,5,0,5,0,0.0,0.0,0.0
Copy of 700cell_NoDMSO_NegC_G7_Tile_91,216,YOLO,1.0,1.0,0.0,0,0,0,0,0,0,1.0,1.0,0.99999950000025
Copy of 700cell_NoDMSO_NegC_G7_Tile_94,217,CellPose,0.0,0.0,500.0,0,29,29,0,29,0,0.0,0.0,0.0
Copy of 700cell_NoDMSO_NegC_G7_Tile_94,217,CellProfiler,0.0,0.0,500.0,0,22,22,0,22,0,0.0,0.0,0.0
Copy of 700cell_NoDMSO_NegC_G7_Tile_94,217,YOLO,1.0,1.0,0.0,0,0,0,0,0,0,1.0,1.0,0.99999950000025
Copy of 700cell_Rank100_VIMU6_G4_Tile_100,218,CellPose,0.21024263461773274,0.34743881698423223,128.59859408176402,9,21,12,6,15,3,0.28571427210884415,0.6666665925926009,0.3999995533337654
Copy of 700cell_Rank100_VIMU6_G4_Tile_100,218,CellProfiler,0.42205141743156527,0.5935810931419799,181.6634250425272,9,60,51,9,51,0,0.14999999750000004,0.9999998888889013,0.2608693308130361
Copy of 700cell_Rank100_VIMU6_G4_Tile_100,218,YOLO,0.6850161322384819,0.8130677435455329,74.22733386533375,9,16,7,8,8,1,0.4999999687500019,0.8888887901234679,0.6399994880003297
Copy of 700cell_Rank100_VIMU6_G4_Tile_123,219,CellPose,0.037942881975094045,0.07311169551621724,216.60175863288026,8,6,2,3,3,5,0.49999991666668053,0.3749999531250059,0.428570877551586
Copy of 700cell_Rank100_VIMU6_G4_Tile_123,219,CellProfiler,0.5094353537681493,0.6750012214784775,123.58901783424865,8,46,38,6,40,2,0.13043477977315696,0.7499999062500118,0.22222196159148946
Copy of 700cell_Rank100_VIMU6_G4_Tile_123,219,YOLO,0.6895232651446034,0.816234116889285,57.797490551895216,8,19,11,6,13,2,0.31578945706371275,0.7499999062500118,0.444443994513413
Copy of 700cell_Rank100_VIMU6_G4_Tile_126,220,CellPose,0.11282481139983236,0.20277191925278698,187.90153010853598,15,12,3,9,3,6,0.7499999375000053,0.5999999600000027,0.6666661234571586
Copy of 700cell_Rank100_VIMU6_G4_Tile_126,220,CellProfiler,0.42919655936596174,0.6006123602149831,89.9972213643537,15,65,50,15,50,0,0.23076922721893497,0.9999999333333378,0.3749996859377381
Copy of 700cell_Rank100_VIMU6_G4_Tile_126,220,YOLO,0.6313728912883558,0.7740387187502389,43.76663467687388,15,26,11,14,12,1,0.5384615177514801,0.9333332711111153,0.6829263319455842
Copy of 700cell_Rank75_Itaconate-VC_B10_Tile_68,221,CellPose,0.5560672872774783,0.7147085371229455,80.6952803467885,13,25,12,13,12,0,0.5199999792000009,0.9999999230769291,0.6842100401664978
Copy of 700cell_Rank75_Itaconate-VC_B10_Tile_68,221,CellProfiler,0.45319567048254783,0.6237228470850863,84.51714452588737,13,27,14,12,15,1,0.44444442798353967,0.9230768520710114,0.5999995312503162
Copy of 700cell_Rank75_Itaconate-VC_B10_Tile_68,221,YOLO,0.6054712545415687,0.7542598509052183,100.4579087355816,13,14,1,10,4,3,0.7142856632653098,0.7692307100591762,0.7407401865572679
Copy of 700cell_Rank75_Itaconate-VC_B10_Tile_78,222,CellPose,0.34117711590148647,0.5087726473354873,207.65229530494238,6,21,15,6,15,0,0.28571427210884415,0.9999998333333611,0.4444440658438698
Copy of 700cell_Rank75_Itaconate-VC_B10_Tile_78,222,CellProfiler,0.3222049689440994,0.4873752201996477,206.88885903827514,6,25,19,6,19,0,0.23999999040000036,0.9999998333333611,0.3870964370449742
Copy of 700cell_Rank75_Itaconate-VC_B10_Tile_78,222,YOLO,0.3857834507042254,0.556773066539622,362.8698698150973,6,4,2,3,1,3,0.7499998125000469,0.49999991666668053,0.5999994000004001
Copy of 700cell_Rank75_Itaconate13_10uM_B9-1_Tile_120,223,CellPose,0.452867339404381,0.623411824496019,105.98136402314813,8,17,9,7,10,1,0.4117646816609011,0.8749998906250137,0.5599995200003314
Copy of 700cell_Rank75_Itaconate13_10uM_B9-1_Tile_120,223,CellProfiler,0.47834509478345094,0.647135904155747,122.55161132924142,8,20,12,8,12,0,0.399999980000001,0.9999998750000157,0.5714281224492609
Copy of 700cell_Rank75_Itaconate13_10uM_B9-1_Tile_120,223,YOLO,0.6309635907093534,0.7737310560500361,43.01162633521314,8,7,1,7,0,1,0.9999998571428775,0.8749998906250137,0.9333327111113927
Copy of 700cell_Rank75_Itaconate13_10uM_B9-1_Tile_32,224,CellPose,0.38410524026962384,0.5550231717854057,254.1448061572988,7,4,3,4,0,3,0.9999997500000625,0.57142848979593,0.7272721322317101
Copy of 700cell_Rank75_Itaconate13_10uM_B9-1_Tile_32,224,CellProfiler,0.16962019421093077,0.29004320385450055,164.8870534135964,7,41,34,6,35,1,0.14634145984533026,0.857142734693895,0.24999974045161674
Copy of 700cell_Rank75_Itaconate13_10uM_B9-1_Tile_32,224,YOLO,0.4086975335352661,0.5802488097066503,248.35256931676358,7,4,3,4,0,3,0.9999997500000625,0.57142848979593,0.7272721322317101
Copy of 700cell_Rank75_Itaconate13_10uM_B9-1_Tile_35,225,CellPose,0.6165053631948569,0.7627631522068041,78.74781359914766,15,15,0,10,5,5,0.6666666222222252,0.6666666222222252,0.6666661222226002
Copy of 700cell_Rank75_Itaconate13_10uM_B9-1_Tile_35,225,CellProfiler,0.5588927085218021,0.7170380687093779,104.17042396122251,15,25,10,15,10,0,0.599999976000001,0.9999999333333378,0.7499994937502917
Copy of 700cell_Rank75_Itaconate13_10uM_B9-1_Tile_35,225,YOLO,0.5244364906898462,0.6880398021074993,176.21463539312114,15,10,5,10,0,5,0.99999990000001,0.6666666222222252,0.79999945600029
Copy of 700cell_Rank75_Itaconate13_10uM_B9-1_Tile_91,226,CellPose,0.5099989950758718,0.6754958072674032,118.51468341899817,5,6,1,4,2,1,0.6666665555555741,0.799999840000032,0.7272720991739144
Copy of 700cell_Rank75_Itaconate13_10uM_B9-1_Tile_91,226,CellProfiler,0.3675715695952616,0.537553686793951,171.90433360724657,5,22,17,5,17,0,0.2272727169421492,0.99999980000004,0.3703700411524819
Copy of 700cell_Rank75_Itaconate13_10uM_B9-1_Tile_91,226,YOLO,0.5488387598622069,0.7087100014349261,87.99544456143981,5,3,2,3,0,2,0.9999996666667778,0.599999880000024,0.7499993437503243
Copy of 700cell_Rank75_Itaconate13_10uM_B9-1_Tile_95,227,CellPose,0.44727981570086833,0.6180972205216113,105.0354312946614,11,23,12,10,13,1,0.4347825897920613,0.9090908264462886,0.5882348217996284
Copy of 700cell_Rank75_Itaconate13_10uM_B9-1_Tile_95,227,CellProfiler,0.5492439081720598,0.709047691296212,117.57295134923325,11,20,9,10,10,1,0.4999999750000012,0.9090908264462886,0.6451607908431942
Copy of 700cell_Rank75_Itaconate13_10uM_B9-1_Tile_95,227,YOLO,0.6719960765080922,0.8038249442684501,33.04759564964091,11,12,1,9,3,2,0.7499999375000053,0.8181817438016598,0.7826081285447475
Copy of 700cell_Rank75_Itaconate13_10uM_B9_Tile_123,228,CellPose,0.23430799220272905,0.37965887555274797,314.5332617330307,4,24,20,4,20,0,0.1666666597222225,0.9999997500000625,0.2857140204083382
Copy of 700cell_Rank75_Itaconate13_10uM_B9_Tile_123,228,CellProfiler,0.2472175379426644,0.3964305029745809,310.9590122155589,4,12,8,3,9,1,0.2499999791666684,0.7499998125000469,0.3749995781253496
Copy of 700cell_Rank75_Itaconate13_10uM_B9_Tile_123,228,YOLO,0.364589759407773,0.5343580470162749,298.7204964122186,4,3,1,2,1,2,0.6666664444445185,0.49999987500003124,0.5714279183678077
Copy of 700cell_Rank75_Itaconate13_10uM_B9_Tile_41,229,CellPose,0.2079150801892235,0.34425446556500144,139.32315894935408,7,3,4,2,1,5,0.6666664444445185,0.285714244897965,0.39999950000042495
Copy of 700cell_Rank75_Itaconate13_10uM_B9_Tile_41,229,CellProfiler,0.11145139118481268,0.20055108494849233,251.0642343686806,7,49,42,6,43,1,0.12244897709287803,0.857142734693895,0.21428548788285656
Copy of 700cell_Rank75_Itaconate13_10uM_B9_Tile_41,229,YOLO,0.2691768603465851,0.42417549319813264,73.75379296704789,7,10,3,4,6,3,0.39999996000000404,0.57142848979593,0.4705876955022316
Copy of 700cell_Rank75_Itaconate13_10uM_B9_Tile_64,230,CellPose,0.31930512093118474,0.4840504533262397,124.57525903684189,15,39,24,14,25,1,0.3589743497698885,0.9333332711111153,0.518518098079865
Copy of 700cell_Rank75_Itaconate13_10uM_B9_Tile_64,230,CellProfiler,0.31003735389806003,0.4733259749816041,98.49661288459117,15,26,11,11,15,4,0.4230769068047343,0.7333332844444478,0.5365848756696436
Copy of 700cell_Rank75_Itaconate13_10uM_B9_Tile_64,230,YOLO,0.31432837471658465,0.4783102621281609,133.05562072656468,15,8,7,7,1,8,0.8749998906250137,0.46666663555555765,0.6086951455579906
Copy of 700cell_Rank75_Itaconate13_10uM_B9_Tile_92,231,CellPose,0.22459815784720968,0.3668111966492641,191.4091156132984,8,30,22,8,22,0,0.26666665777777804,0.9999998750000157,0.4210522770085562
Copy of 700cell_Rank75_Itaconate13_10uM_B9_Tile_92,231,CellProfiler,0.2036846402328636,0.3384352236869268,156.9025122572156,8,31,23,7,24,1,0.22580644432882438,0.8749998906250137,0.35897401446444765
Copy of 700cell_Rank75_Itaconate13_10uM_B9_Tile_92,231,YOLO,0.31738425762807415,0.4818400641882856,125.68058631636835,8,9,1,6,3,2,0.6666665925926009,0.7499999062500118,0.7058817716266587
Copy of 700cell_Rank75_Itaconate13_50uM_F9_Tile_132,232,CellPose,0.5108556237028055,0.6762467779029744,159.86699293882555,13,33,20,13,20,0,0.3939393820018369,0.9999999230769291,0.5652169612479208
Copy of 700cell_Rank75_Itaconate13_50uM_F9_Tile_132,232,CellProfiler,0.5142815033161385,0.6792416102156817,73.75559736396241,13,25,12,11,14,2,0.4399999824000007,0.8461537810650938,0.5789468878119808
Copy of 700cell_Rank75_Itaconate13_50uM_F9_Tile_132,232,YOLO,0.6017702211027148,0.7513814568089986,182.00109889280517,13,11,2,10,1,3,0.9090908264462886,0.7692307100591762,0.8333327673614123
Copy of 700cell_Rank75_Itaconate13_50uM_F9_Tile_134,233,CellPose,0.0926092352462875,0.16951940777877875,235.73448828470455,3,35,32,2,33,1,0.057142855510204135,0.6666664444445185,0.10526300692537166
Copy of 700cell_Rank75_Itaconate13_50uM_F9_Tile_134,233,CellProfiler,0.20746597277822257,0.3436386241193535,201.88238001660486,3,15,12,3,12,0,0.19999998666666757,0.9999996666667778,0.3333330185187047
Copy of 700cell_Rank75_Itaconate13_50uM_F9_Tile_134,233,YOLO,0.0,0.0,500.0,3,0,3,0,0,3,0.0,0.0,0.0
Copy of 700cell_Rank75_Itaconate13_50uM_F9_Tile_145,234,CellPose,0.30926350594634955,0.4724236252545825,209.53376750047642,7,24,17,7,17,0,0.2916666545138894,0.9999998571428775,0.4516125244539473
Copy of 700cell_Rank75_Itaconate13_50uM_F9_Tile_145,234,CellProfiler,0.2551025067348523,0.4065046565774156,204.01763442914242,7,27,20,7,20,0,0.2592592496570648,0.9999998571428775,0.411764354671521
Copy of 700cell_Rank75_Itaconate13_50uM_F9_Tile_145,234,YOLO,0.4715566858519609,0.6408950336547208,220.98981771879753,7,5,2,5,0,2,0.99999980000004,0.7142856122449125,0.8333327083336354
Copy of 700cell_Rank75_Itaconate13_50uM_F9_Tile_158,235,CellPose,0.5601377387882266,0.7180619055126386,71.90539886689251,6,4,2,4,0,2,0.9999997500000625,0.6666665555555741,0.7999993600003121
Copy of 700cell_Rank75_Itaconate13_50uM_F9_Tile_158,235,CellProfiler,0.35011199348401545,0.5186414092664092,170.73448734630912,6,25,19,6,19,0,0.23999999040000036,0.9999998333333611,0.3870964370449742
Copy of 700cell_Rank75_Itaconate13_50uM_F9_Tile_158,235,YOLO,0.0,0.0,500.0,6,0,6,0,0,6,0.0,0.0,0.0
Copy of 700cell_Rank75_Itaconate13_50uM_F9_Tile_172,236,CellPose,0.2911480244611181,0.450990930466913,176.7538470354294,5,21,16,5,16,0,0.23809522675737013,0.99999980000004,0.3846150443789223
Copy of 700cell_Rank75_Itaconate13_50uM_F9_Tile_172,236,CellProfiler,0.10278575259488279,0.18641109998569588,263.1805438977204,5,27,22,4,23,1,0.1481481426611799,0.799999840000032,0.2499997207033745
Copy of 700cell_Rank75_Itaconate13_50uM_F9_Tile_172,236,YOLO,0.0,0.0,500.0,5,0,5,0,0,5,0.0,0.0,0.0
Copy of 700cell_Rank75_Itaconate13_50uM_F9_Tile_177,237,CellPose,0.08177891537354023,0.1511933985980894,292.37800766848227,2,41,39,2,39,0,0.048780486615110086,0.99999950000025,0.09302316279074421
Copy of 700cell_Rank75_Itaconate13_50uM_F9_Tile_177,237,CellProfiler,0.10553526732592015,0.190921575177226,294.0119044618674,2,30,28,2,28,0,0.06666666444444451,0.99999950000025,0.12499987500006252
Copy of 700cell_Rank75_Itaconate13_50uM_F9_Tile_177,237,YOLO,0.0,0.0,500.0,2,0,2,0,0,2,0.0,0.0,0.0
Copy of 700cell_Rank75_Itaconate3_10uM_B2_Tile_118,238,CellPose,0.2637908715079133,0.4174596880782448,185.7040628408907,6,26,20,6,20,0,0.23076922189349144,0.9999998333333611,0.37499967187522465
Copy of 700cell_Rank75_Itaconate3_10uM_B2_Tile_118,238,CellProfiler,0.3961295692585143,0.5674682034976153,188.85812761546381,6,16,10,6,10,0,0.37499997656250145,0.9999998333333611,0.545454099173828
Copy of 700cell_Rank75_Itaconate3_10uM_B2_Tile_118,238,YOLO,0.5706988912420581,0.7266814720812182,123.98709509539755,6,4,2,4,0,2,0.9999997500000625,0.6666665555555741,0.7999993600003121
Copy of 700cell_Rank75_Itaconate3_10uM_B2_Tile_122,239,CellPose,0.2286903860711582,0.3722506315076089,326.48430041440474,2,13,11,2,11,0,0.15384614201183525,0.99999950000025,0.26666640000013336
Copy of 700cell_Rank75_Itaconate3_10uM_B2_Tile_122,239,CellProfiler,0.21294438073394495,0.3511197778171719,403.24107089500325,2,19,17,2,17,0,0.10526315235457093,0.99999950000025,0.19047600000009526
Copy of 700cell_Rank75_Itaconate3_10uM_B2_Tile_122,239,YOLO,0.7162309368191722,0.8346556648682958,7.0,2,2,0,2,0,0,0.99999950000025,0.99999950000025,0.9999990000004999
Copy of 700cell_Rank75_Itaconate3_10uM_B2_Tile_23,240,CellPose,0.6248791208791209,0.7691392090028675,79.19595949289332,14,18,4,13,5,1,0.7222221820987677,0.9285713622449028,0.8124994570315506
Copy of 700cell_Rank75_Itaconate3_10uM_B2_Tile_23,240,CellProfiler,0.4755454485531606,0.644569029058989,96.8367171369071,14,32,18,14,18,0,0.4374999863281255,0.9999999285714337,0.6086952022687202
Copy of 700cell_Rank75_Itaconate3_10uM_B2_Tile_23,240,YOLO,0.49988804982800383,0.666567147975247,105.42293718269863,14,18,4,13,5,1,0.7222221820987677,0.9285713622449028,0.8124994570315506
Copy of 700cell_Rank75_Itaconate3_10uM_B2_Tile_24,241,CellPose,0.2451919125503411,0.3938218841273246,325.0384592629002,13,9,4,6,3,7,0.6666665925926009,0.4615384260355057,0.5454540123971243
Copy of 700cell_Rank75_Itaconate3_10uM_B2_Tile_24,241,CellProfiler,0.5749829961563404,0.730145020688547,101.02846064700239,13,37,24,13,24,0,0.35135134185536915,0.9999999230769291,0.5199995944002764
Copy of 700cell_Rank75_Itaconate3_10uM_B2_Tile_24,241,YOLO,0.6260012572749579,0.7699886509609268,108.2266141020775,13,12,1,9,3,4,0.7499999375000053,0.6923076390532585,0.7199994432003506
Copy of 700cell_Rank75_Itaconate3_10uM_B2_Tile_34,242,CellPose,0.23108346485934453,0.37541478129713424,105.59065206447775,11,5,6,4,1,7,0.799999840000032,0.3636363305785154,0.49999950781285957
Copy of 700cell_Rank75_Itaconate3_10uM_B2_Tile_34,242,CellProfiler,0.29991261796574625,0.4614350438956185,170.4494059831245,11,43,32,11,32,0,0.25581394753921055,0.9999999090909174,0.4074070679014805
Copy of 700cell_Rank75_Itaconate3_10uM_B2_Tile_34,242,YOLO,0.35097685487275937,0.5195897377617411,64.21940748136619,11,10,1,7,3,4,0.699999930000007,0.636363578512402,0.6666661043087693
Copy of 700cell_Rank75_Itaconate3_10uM_B2_Tile_35,243,CellPose,0.09885874367796642,0.1799298485755839,235.3278501794994,4,61,57,4,57,0,0.06557376941682345,0.9999997500000625,0.12307680378706712
Copy of 700cell_Rank75_Itaconate3_10uM_B2_Tile_35,243,CellProfiler,0.10398337508982501,0.18837851626409585,311.35550418759544,4,56,52,4,52,0,0.07142857015306125,0.9999997500000625,0.13333320444453575
Copy of 700cell_Rank75_Itaconate3_10uM_B2_Tile_35,243,YOLO,0.525929948411621,0.6893238434163701,17.026402247190514,4,5,1,4,1,0,0.799999840000032,0.9999997500000625,0.8888881975311796
Copy of 700cell_Rank75_Itaconate3_10uM_B2_Tile_38,244,CellPose,0.22336047239867585,0.36515888397264784,198.0191909305566,7,39,32,7,32,0,0.17948717488494426,0.9999998571428775,0.30434755482061426
Copy of 700cell_Rank75_Itaconate3_10uM_B2_Tile_38,244,CellProfiler,0.23658923175986923,0.38264805431495463,201.552970136269,7,33,26,7,26,0,0.21212120569329682,0.9999998571428775,0.34999969375021805
Copy of 700cell_Rank75_Itaconate3_10uM_B2_Tile_38,244,YOLO,0.5146818923327896,0.6795907377490576,167.99135132973822,7,4,3,4,0,3,0.9999997500000625,0.57142848979593,0.7272721322317101
Copy of 700cell_Rank75_Itaconate3_10uM_B2_Tile_39,245,CellPose,0.23250487963565386,0.37728837179839103,238.10449139505025,4,33,29,4,29,0,0.12121211753902675,0.9999997500000625,0.21621601168750249
Copy of 700cell_Rank75_Itaconate3_10uM_B2_Tile_39,245,CellProfiler,0.3215664803181373,0.48664442554676085,216.37926963788527,4,30,26,4,26,0,0.13333332888888902,0.9999997500000625,0.2352938961939212
Copy of 700cell_Rank75_Itaconate3_10uM_B2_Tile_39,245,YOLO,0.5032778618255169,0.6695739684669574,199.6222513438271,4,5,1,3,2,1,0.599999880000024,0.7499998125000469,0.666666024691754
Copy of 700cell_Rank75_Itaconate3_10uM_B2_Tile_63,246,CellPose,0.4231500691562932,0.5946668286460548,227.7612784742877,6,21,15,6,15,0,0.28571427210884415,0.9999998333333611,0.4444440658438698
Copy of 700cell_Rank75_Itaconate3_10uM_B2_Tile_63,246,CellProfiler,0.42738692219850055,0.598838220459842,231.2552691994861,6,16,10,6,10,0,0.37499997656250145,0.9999998333333611,0.545454099173828
Copy of 700cell_Rank75_Itaconate3_10uM_B2_Tile_63,246,YOLO,0.4276145956882718,0.5990616753005571,53.29210293809782,6,5,1,5,0,1,0.99999980000004,0.8333331944444675,0.9090902479341832
Copy of 700cell_Rank75_Itaconate3_10uM_B2_Tile_74,247,CellPose,0.18467941662080353,0.31177956505327953,173.91061316925249,11,6,5,3,3,8,0.49999991666668053,0.2727272479338866,0.35294067820127784
Copy of 700cell_Rank75_Itaconate3_10uM_B2_Tile_74,247,CellProfiler,0.3090551181102362,0.47218045112781953,150.4649009686684,11,39,28,11,28,0,0.2820512748191981,0.9999999090909174,0.4399996392002559
Copy of 700cell_Rank75_Itaconate3_10uM_B2_Tile_74,247,YOLO,0.20914264505752814,0.3459354376630685,306.875357308058,11,3,8,3,0,8,0.9999996666667778,0.2727272479338866,0.42857103061247165
Copy of 700cell_Rank75_Itaconate4_50uM_G3_Tile_116,248,CellPose,0.20550351288056207,0.34094220495386107,238.53510865573213,6,3,3,2,1,4,0.6666664444445185,0.33333327777778704,0.4444439012350096
Copy of 700cell_Rank75_Itaconate4_50uM_G3_Tile_116,248,CellProfiler,0.27019579875518673,0.42543960390985885,190.016840939132,6,28,22,6,22,0,0.21428570663265334,0.9999998333333611,0.3529408650521191
Copy of 700cell_Rank75_Itaconate4_50uM_G3_Tile_116,248,YOLO,0.26419941014175624,0.41797110174593616,243.60656624916635,6,3,3,3,0,3,0.9999996666667778,0.49999991666668053,0.6666660740743786
Copy of 700cell_Rank75_Itaconate4_50uM_G3_Tile_117,249,CellPose,0.21673600753591335,0.356258064516129,422.000059241623,4,32,28,4,28,0,0.12499999609375013,0.9999997500000625,0.2222220123458217
Copy of 700cell_Rank75_Itaconate4_50uM_G3_Tile_117,249,CellProfiler,0.24155309172181078,0.3891143976562776,390.64395494014445,4,26,22,4,22,0,0.15384614792899431,0.9999997500000625,0.26666641777794337
Copy of 700cell_Rank75_Itaconate4_50uM_G3_Tile_117,249,YOLO,0.0,0.0,500.0,4,0,4,0,0,4,0.0,0.0,0.0
Copy of 700cell_Rank75_Itaconate4_50uM_G3_Tile_122,250,CellPose,0.23807082433075769,0.38458353052531946,194.456683321295,5,32,27,5,27,0,0.15624999511718765,0.99999980000004,0.27027002191397986
Copy of 700cell_Rank75_Itaconate4_50uM_G3_Tile_122,250,CellProfiler,0.3249477513739453,0.49050651399193784,149.64474583839893,5,13,8,4,9,1,0.3076922840236705,0.799999840000032,0.4444439938275063
Copy of 700cell_Rank75_Itaconate4_50uM_G3_Tile_122,250,YOLO,0.26487977926685063,0.4188220629479589,291.58588530486054,5,2,3,2,0,3,0.99999950000025,0.399999920000016,0.5714280000002858
Copy of 700cell_Rank75_Itaconate4_50uM_G3_Tile_49,251,CellPose,0.28817819984637943,0.44741977450130094,200.8233054204616,5,14,9,4,10,1,0.2857142653061239,0.799999840000032,0.4210521994463217
Copy of 700cell_Rank75_Itaconate4_50uM_G3_Tile_49,251,CellProfiler,0.20654221613289947,0.3423704755145493,227.5781169442179,5,31,26,5,26,0,0.1612903173777317,0.99999980000004,0.27777752314832604
Copy of 700cell_Rank75_Itaconate4_50uM_G3_Tile_49,251,YOLO,0.4877595812932635,0.6556967771221062,89.2522404986247,5,3,2,3,0,2,0.9999996666667778,0.599999880000024,0.7499993437503243
Copy of 700cell_Rank75_Itaconate4_50uM_G3_Tile_79,252,CellPose,0.34878617473597584,0.5171852755745373,298.1157493323692,6,25,19,6,19,0,0.23999999040000036,0.9999998333333611,0.3870964370449742
Copy of 700cell_Rank75_Itaconate4_50uM_G3_Tile_79,252,CellProfiler,0.3425951025571519,0.5103476124777063,296.5293246339405,6,26,20,6,20,0,0.23076922189349144,0.9999998333333611,0.37499967187522465
Copy of 700cell_Rank75_Itaconate4_50uM_G3_Tile_79,252,YOLO,0.6298925167308862,0.7729252208535523,74.98372154014844,6,6,0,5,1,1,0.8333331944444675,0.8333331944444675,0.8333326944447675
Copy of 700cell_Rank75_Itaconate4_50uM_G3_Tile_80,253,CellPose,0.19678232680994118,0.32885232744783305,305.1795973575771,3,7,4,2,5,1,0.285714244897965,0.6666664444445185,0.39999950000042495
Copy of 700cell_Rank75_Itaconate4_50uM_G3_Tile_80,253,CellProfiler,0.284236240839201,0.4426541344970348,327.3060484465242,3,18,15,3,15,0,0.1666666574074079,0.9999996666667778,0.2857140136056061
Copy of 700cell_Rank75_Itaconate4_50uM_G3_Tile_80,253,YOLO,0.0,0.0,500.0,3,0,3,0,0,3,0.0,0.0,0.0
Copy of 700cell_Rank75_Itaconate4_50uM_G3_Tile_95,254,CellPose,0.4281541457415189,0.5995909433420646,227.29847613398118,3,7,4,3,4,0,0.4285713673469475,0.9999996666667778,0.599999460000286
Copy of 700cell_Rank75_Itaconate4_50uM_G3_Tile_95,254,CellProfiler,0.3473159986591965,0.5155672448109184,280.5362614027758,3,16,13,3,13,0,0.18749998828125072,0.9999996666667778,0.3157891745154136
Copy of 700cell_Rank75_Itaconate4_50uM_G3_Tile_95,254,YOLO,0.6378019895783988,0.778851159831087,16.98675323681471,3,3,0,3,0,0,0.9999996666667778,0.9999996666667778,0.9999991666670278
Copy of 700cell_Rank75_Itaconate4_50uM_G3_Tile_98,255,CellPose,0.3215499976712775,0.48662555066079294,88.34486549714475,7,13,6,7,6,0,0.5384614970414233,0.9999998571428775,0.6999994750002938
Copy of 700cell_Rank75_Itaconate4_50uM_G3_Tile_98,255,CellProfiler,0.3178706410896385,0.48240036795541247,124.97599077691531,7,30,23,7,23,0,0.2333333255555558,0.9999998571428775,0.3783780511324423
Copy of 700cell_Rank75_Itaconate4_50uM_G3_Tile_98,255,YOLO,0.36019644151034536,0.5296241491565552,181.4699769466863,7,4,3,4,0,3,0.9999997500000625,0.57142848979593,0.7272721322317101
Copy of 700cell_Rank75_Itaconate6_10uM_B4_Tile_20,256,CellPose,0.33368703227968277,0.5003978057870273,160.5771717698451,6,24,18,6,18,0,0.24999998958333375,0.9999998333333611,0.39999965333356713
Copy of 700cell_Rank75_Itaconate6_10uM_B4_Tile_20,256,CellProfiler,0.1383135235587905,0.24301481216944715,208.61207349624914,6,52,46,6,46,0,0.11538461316568052,0.9999998333333611,0.2068963590964588
Copy of 700cell_Rank75_Itaconate6_10uM_B4_Tile_20,256,YOLO,0.49360301034807147,0.6609561000188953,105.285558446884,6,9,3,6,3,0,0.6666665925926009,0.9999998333333611,0.7999994133336303
Copy of 700cell_Rank75_Itaconate6_10uM_B4_Tile_51,257,CellPose,0.416523487479437,0.5880925959379597,106.0,8,21,13,8,13,0,0.38095236281179223,0.9999998750000157,0.5517237003569962
Copy of 700cell_Rank75_Itaconate6_10uM_B4_Tile_51,257,CellProfiler,0.3583725076997893,0.5276498245781522,114.80418086067806,8,30,22,8,22,0,0.26666665777777804,0.9999998750000157,0.4210522770085562
Copy of 700cell_Rank75_Itaconate6_10uM_B4_Tile_51,257,YOLO,0.6643005664300566,0.7982939858693779,206.75703156780725,8,9,1,7,2,1,0.7777776913580343,0.8749998906250137,0.8235288166093092
Copy of 700cell_Rank75_Itaconate6_10uM_B4_Tile_60,258,CellPose,0.24329039184111648,0.3913653534808419,259.78333093939125,6,14,8,4,10,2,0.2857142653061239,0.6666665555555741,0.39999954000042903
Copy of 700cell_Rank75_Itaconate6_10uM_B4_Tile_60,258,CellProfiler,0.15372860635696822,0.2664900662251656,216.36912203073408,6,41,35,5,36,1,0.12195121653777521,0.8333331944444675,0.2127657256679329
Copy of 700cell_Rank75_Itaconate6_10uM_B4_Tile_60,258,YOLO,0.38438703465982027,0.5553172993335265,238.53154927404736,6,5,1,4,1,2,0.799999840000032,0.6666665555555741,0.7272720991739144
Copy of 700cell_Rank75_VIMU1.10_C2_Tile_105,259,CellPose,0.3449730327755497,0.5129813377204256,95.50994051750865,21,14,7,12,2,9,0.8571427959183717,0.5714285442176883,0.6857137665309482
Copy of 700cell_Rank75_VIMU1.10_C2_Tile_105,259,CellProfiler,0.32998754101812694,0.4962265146717332,65.31996312825902,21,60,39,21,39,0,0.3499999941666668,0.9999999523809546,0.5185181216280798
Copy of 700cell_Rank75_VIMU1.10_C2_Tile_105,259,YOLO,0.4252769749518304,0.5967639727937138,81.83520025025906,21,21,0,13,8,8,0.6190475895691624,0.6190475895691624,0.6190470895695662
Copy of 700cell_Rank75_VIMU5.10_B6_Tile_100,260,CellPose,0.45735960654472985,0.627655116130313,207.71314163551446,9,25,16,8,17,1,0.3199999872000005,0.8888887901234679,0.470587818339411
Copy of 700cell_Rank75_VIMU5.10_B6_Tile_100,260,CellProfiler,0.36012446041589063,0.5295463332903725,201.43088139005,9,45,36,8,37,1,0.1777777738271606,0.8888887901234679,0.296296007544826
Copy of 700cell_Rank75_VIMU5.10_B6_Tile_100,260,YOLO,0.6262237332568713,0.7701569229994206,237.10893199450683,9,8,1,5,3,4,0.6249999218750099,0.5555554938271674,0.5882347266440286
Copy of 700cell_Rank75_VIMU5.10_B6_Tile_104,261,CellPose,0.4632812068298613,0.6332087156829425,152.88590252226683,10,9,1,6,3,4,0.6666665925926009,0.599999940000006,0.6315783822718686
Copy of 700cell_Rank75_VIMU5.10_B6_Tile_104,261,CellProfiler,0.47911755392139616,0.6478424282791759,90.26184065530059,10,29,19,10,19,0,0.3448275743162905,0.99999990000001,0.512820105194224
Copy of 700cell_Rank75_VIMU5.10_B6_Tile_104,261,YOLO,0.5775522011255457,0.7322131092885243,156.7102397072894,10,11,1,8,3,2,0.7272726611570308,0.7999999200000081,0.7619041904765239
Copy of 700cell_Rank75_VIMU5.10_B6_Tile_123,262,CellPose,0.33061699650756693,0.4969378827646544,126.99211914589701,6,18,12,6,12,0,0.3333333148148158,0.9999998333333611,0.4999995833335972
Copy of 700cell_Rank75_VIMU5.10_B6_Tile_123,262,CellProfiler,0.22138110858777021,0.3625094690448316,197.34221158485803,6,59,53,6,53,0,0.10169491353059469,0.9999998333333611,0.1846152113610786
Copy of 700cell_Rank75_VIMU5.10_B6_Tile_123,262,YOLO,0.5888191120284573,0.7412034605710495,95.71963092851234,6,11,5,6,5,0,0.5454544958677732,0.9999998333333611,0.7058818131490842
Copy of 700cell_Rank75_VIMU5.10_B6_Tile_76,263,CellPose,0.5194130450045636,0.6837022318746823,113.41310372238611,29,29,0,18,11,11,0.620689633769323,0.620689633769323,0.6206891337697258
Copy of 700cell_Rank75_VIMU5.10_B6_Tile_76,263,CellProfiler,0.37784812269357076,0.5484612076908901,47.38143096192854,29,46,17,24,22,5,0.5217391190926278,0.8275861783590973,0.6399995086225728
Copy of 700cell_Rank75_VIMU5.10_B6_Tile_76,263,YOLO,0.44691724000619426,0.6177509364727467,54.873012611639474,29,26,3,18,8,11,0.6923076656804744,0.620689633769323,0.6545449322317854
Copy of 700cell_Rank75_VIMU5.10_B6_Tile_86,264,CellPose,0.49249592169657425,0.6599628374685758,60.54914629791332,15,27,12,14,13,1,0.5185184993141296,0.9333332711111153,0.6666661757372754
Copy of 700cell_Rank75_VIMU5.10_B6_Tile_86,264,CellProfiler,0.3820873528555028,0.5529134639226382,108.02823623740765,15,52,37,15,37,0,0.2884615329142013,0.9999999333333378,0.4477608331479554
Copy of 700cell_Rank75_VIMU5.10_B6_Tile_86,264,YOLO,0.5875475497874245,0.740195214771486,60.53924347066124,15,19,4,13,6,2,0.684210490304711,0.8666666088888928,0.7647053442909773
Copy of 700cell_Rank75_VIMU5.10_B6_Tile_93,265,CellPose,0.605456774984672,0.7542486156196295,90.0288743524725,16,23,7,12,11,4,0.5217391077504736,0.7499999531250029,0.6153840999346344
Copy of 700cell_Rank75_VIMU5.10_B6_Tile_93,265,CellProfiler,0.46947662247034194,0.6389712027961401,121.87861421251304,16,35,19,16,19,0,0.4571428440816331,0.9999999375000038,0.6274505251829132
Copy of 700cell_Rank75_VIMU5.10_B6_Tile_93,265,YOLO,0.5215585214815954,0.6855582800374125,94.1899666930372,16,14,2,10,4,6,0.7142856632653098,0.6249999609375024,0.6666661244448189
Copy of 700cell_Rank75_VIMU5.10_C6_Tile_114,266,CellPose,0.47245512834259,0.6417243136969344,118.90246278015289,16,34,18,16,18,0,0.47058822145328766,0.9999999375000038,0.6399995392002918
Copy of 700cell_Rank75_VIMU5.10_C6_Tile_114,266,CellProfiler,0.3825149303251493,0.5533610117833402,129.4725825242088,16,58,42,16,42,0,0.2758620642092748,0.9999999375000038,0.43243208181179865
Copy of 700cell_Rank75_VIMU5.10_C6_Tile_114,266,YOLO,0.5636490936908436,0.7209406457818538,85.37564055396598,16,23,7,13,10,3,0.5652173667296797,0.8124999492187531,0.6666661485868076
Copy of 700cell_Rank75_VIMU5.10_C6_Tile_125,267,CellPose,0.7266187050359713,0.8416666666666667,45.0634108817285,15,14,1,12,2,3,0.8571427959183717,0.7999999466666703,0.8275856504164766
Copy of 700cell_Rank75_VIMU5.10_C6_Tile_125,267,CellProfiler,0.537158306613771,0.6988978354442686,69.1751354443927,15,38,23,14,24,1,0.36842104293628836,0.9333332711111153,0.5283014610184613
Copy of 700cell_Rank75_VIMU5.10_C6_Tile_125,267,YOLO,0.6841669235511714,0.8124692558485386,44.10215414239989,15,18,3,13,5,2,0.7222221820987677,0.8666666088888928,0.7878782442611042
Copy of 700cell_Rank75_VIMU5.10_C6_Tile_82,268,CellPose,0.5206435196585406,0.6847673539889885,121.62565278747502,11,20,9,8,12,3,0.399999980000001,0.7272726611570308,0.5161285411034207
Copy of 700cell_Rank75_VIMU5.10_C6_Tile_82,268,CellProfiler,0.3235449735449735,0.48890665600639616,121.24829810669938,11,59,48,11,48,0,0.18644067480609028,0.9999999090909174,0.3142854404083734
Copy of 700cell_Rank75_VIMU5.10_C6_Tile_82,268,YOLO,0.44479297365119197,0.6157186278766826,104.28638429246388,11,16,5,7,9,4,0.4374999726562517,0.636363578512402,0.5185179972569658
Copy of 700cell_Rank75_VIMU5.10_C6_Tile_94,269,CellPose,0.5380718078628148,0.6996705941973901,85.61979698562831,10,20,10,10,10,0,0.4999999750000012,0.99999990000001,0.6666661777780697
Copy of 700cell_Rank75_VIMU5.10_C6_Tile_94,269,CellProfiler,0.4430690139177786,0.6140648986910106,108.6912970187686,10,44,34,10,34,0,0.22727272210743815,0.99999990000001,0.3703700548699163
Copy of 700cell_Rank75_VIMU5.10_C6_Tile_94,269,YOLO,0.574761233756067,0.7299661960628355,106.94851670159126,10,16,6,8,8,2,0.4999999687500019,0.7999999200000081,0.61538409467492
Copy of 700cell_Rank75_VIMU6.50_F7_Tile_101,270,CellPose,0.2684594755661502,0.4232842763011076,108.92198985311352,11,12,1,7,5,4,0.5833332847222263,0.636363578512402,0.6086951001894496
Copy of 700cell_Rank75_VIMU6.50_F7_Tile_101,270,CellProfiler,0.2676473074647054,0.4222740913637879,174.98442701911785,11,41,30,10,31,1,0.24390243307555043,0.9090908264462886,0.3846150362428806
Copy of 700cell_Rank75_VIMU6.50_F7_Tile_101,270,YOLO,0.30935381960391356,0.4725289909758612,93.10665500536727,11,23,12,9,14,2,0.39130433081285515,0.8181817438016598,0.5294112958481073
Copy of 700cell_Rank75_VIMU6.50_F7_Tile_102,271,CellPose,0.40426944971537004,0.5757719073035605,63.813008035001275,19,27,8,15,12,4,0.5555555349794246,0.7894736426592819,0.6521733998113245
Copy of 700cell_Rank75_VIMU6.50_F7_Tile_102,271,CellProfiler,0.35652290923770436,0.5256422973911319,104.8153033445458,19,48,29,18,30,1,0.3749999921875002,0.9473683711911383,0.5373130104703401
Copy of 700cell_Rank75_VIMU6.50_F7_Tile_102,271,YOLO,0.3762482476938786,0.5467738081764565,78.00512736250492,19,24,5,13,11,6,0.5416666440972231,0.684210490304711,0.6046506414282019
Copy of 700cell_Rank75_VIMU6.50_F7_Tile_103,272,CellPose,0.31758030498161527,0.4820659564823209,159.89246337806787,11,20,9,6,14,5,0.29999998500000075,0.5454544958677732,0.38709629136370105
Copy of 700cell_Rank75_VIMU6.50_F7_Tile_103,272,CellProfiler,0.3660094092502574,0.5358812417714515,130.2839202640419,11,43,32,9,34,2,0.20930232071389954,0.8181817438016598,0.3333329965709479
Copy of 700cell_Rank75_VIMU6.50_F7_Tile_103,272,YOLO,0.49938458467782176,0.6661194062964524,58.782620442818434,11,15,4,7,8,4,0.46666663555555765,0.636363578512402,0.5384610088761835
Copy of 700cell_Rank75_VIMU6.50_F7_Tile_106,273,CellPose,0.10844481605351171,0.195670211963491,115.12167476196652,11,13,2,6,7,5,0.4615384260355057,0.5454544958677732,0.49999946180605154
Copy of 700cell_Rank75_VIMU6.50_F7_Tile_106,273,CellProfiler,0.4984921726018892,0.6653250270054307,72.83851878531603,11,40,29,10,30,1,0.24999999375000018,0.9090908264462886,0.3921565090352664
Copy of 700cell_Rank75_VIMU6.50_F7_Tile_106,273,YOLO,0.5662565293093441,0.7230699680582214,74.99066376115479,11,19,8,10,9,1,0.5263157617728547,0.9090908264462886,0.6666661577780997
Copy of 700cell_Rank75_VIMU6.50_F7_Tile_88,274,CellPose,0.3182947379393013,0.482888581406075,61.208649304375456,21,26,5,13,13,8,0.49999998076923147,0.6190475895691624,0.55319097148075
Copy of 700cell_Rank75_VIMU6.50_F7_Tile_88,274,CellProfiler,0.42556022656351195,0.5970427886998183,79.9446546249147,21,63,42,20,43,1,0.3174603124212649,0.9523809070294805,0.47619008985289735
Copy of 700cell_Rank75_VIMU6.50_F7_Tile_88,274,YOLO,0.5704743901341255,0.7264994497432135,106.70559239141652,21,20,1,9,11,12,0.4499999775000011,0.4285714081632663,0.4390238691260903
Copy of Copy of 700cell_Rank75_Itaconate13_30uM_E9_Tile_119,275,CellPose,0.28740729413563726,0.44649008195747714,174.14301629977436,11,21,10,8,13,3,0.38095236281179223,0.7272726611570308,0.499999517578528
Copy of Copy of 700cell_Rank75_Itaconate13_30uM_E9_Tile_119,275,CellProfiler,0.4077093761287992,0.5792521994134897,125.0287966599813,11,19,8,9,10,2,0.47368418559556913,0.8181817438016598,0.599999495555913
Copy of Copy of 700cell_Rank75_Itaconate13_30uM_E9_Tile_119,275,YOLO,0.28821938972576283,0.4474694171264092,197.8388185480117,11,5,6,4,1,7,0.799999840000032,0.3636363305785154,0.49999950781285957
Copy of Copy of 700cell_Rank75_Itaconate13_30uM_E9_Tile_136,276,CellPose,0.4174118287867096,0.5889774874307491,155.71005190855675,7,22,15,7,15,0,0.3181818037190089,0.9999998571428775,0.4827582211655411
Copy of Copy of 700cell_Rank75_Itaconate13_30uM_E9_Tile_136,276,CellProfiler,0.5190605452614186,0.6833967834667081,110.055426166882,7,15,8,7,8,0,0.46666663555555765,0.9999998571428775,0.6363631446283883
Copy of Copy of 700cell_Rank75_Itaconate13_30uM_E9_Tile_136,276,YOLO,0.5374562427071179,0.6991499696417729,166.3823686501748,7,9,2,6,3,1,0.6666665925926009,0.857142734693895,0.7499994140628329
Copy of Copy of 700cell_Rank75_Itaconate13_30uM_E9_Tile_149,277,CellPose,0.5492316281256427,0.7090374585111427,108.0,13,28,15,13,15,0,0.46428569770408223,0.9999999230769291,0.6341458774541873
Copy of Copy of 700cell_Rank75_Itaconate13_30uM_E9_Tile_149,277,CellProfiler,0.5928608027327071,0.7443975038064806,109.04127658827184,13,24,11,13,11,0,0.5416666440972231,0.9999999230769291,0.7027022089119072
Copy of Copy of 700cell_Rank75_Itaconate13_30uM_E9_Tile_149,277,YOLO,0.5742604059167526,0.7295621534511486,196.5792400450646,13,13,0,9,4,4,0.6923076390532585,0.6923076390532585,0.6923071390536197
Copy of Copy of 700cell_Rank75_Itaconate13_30uM_E9_Tile_37,278,CellPose,0.3708557347670251,0.5410572759212354,119.57665047910785,5,14,9,5,9,0,0.3571428316326549,0.99999980000004,0.5263153462606558
Copy of Copy of 700cell_Rank75_Itaconate13_30uM_E9_Tile_37,278,CellProfiler,0.3136265036481956,0.47749722280601675,194.31197294632258,5,29,24,5,24,0,0.17241378715814526,0.99999980000004,0.2941173788929192
Copy of Copy of 700cell_Rank75_Itaconate13_30uM_E9_Tile_37,278,YOLO,0.7106338397066527,0.8308427241548261,9.433981132056603,5,6,1,5,1,0,0.8333331944444675,0.99999980000004,0.9090902479341832
Copy of Copy of 700cell_Rank75_Itaconate13_30uM_E9_Tile_49,279,CellPose,0.2656543673953902,0.41978975340966823,224.88827617766339,5,19,14,4,15,1,0.21052630470914185,0.799999840000032,0.3333329756947449
Copy of Copy of 700cell_Rank75_Itaconate13_30uM_E9_Tile_49,279,CellProfiler,0.3146561704098171,0.4786896794646002,229.7199079945521,5,21,16,4,17,1,0.19047618140589612,0.799999840000032,0.30769197337306736
Copy of Copy of 700cell_Rank75_Itaconate13_30uM_E9_Tile_49,279,YOLO,0.5951629863301787,0.7462096242584048,72.58505903455732,5,6,1,4,2,1,0.6666665555555741,0.799999840000032,0.7272720991739144
Copy of Copy of 700cell_Rank75_Itaconate13_30uM_E9_Tile_79,280,CellPose,0.37456234850525183,0.544991427871663,104.38869670610895,7,19,12,7,12,0,0.36842103324099823,0.9999998571428775,0.5384611035505702
Copy of Copy of 700cell_Rank75_Itaconate13_30uM_E9_Tile_79,280,CellProfiler,0.4442675159235669,0.6152149944873209,164.11215588417122,7,13,6,7,6,0,0.5384614970414233,0.9999998571428775,0.6999994750002938
Copy of Copy of 700cell_Rank75_Itaconate13_30uM_E9_Tile_79,280,YOLO,0.2238990598713508,0.36587831008692134,228.5786488571681,7,3,4,2,1,5,0.6666664444445185,0.285714244897965,0.39999950000042495
Copy of Copy of 700cell_Rank75_Itaconate13_30uM_E9_Tile_89,281,CellPose,0.2950310559006211,0.4556354916067146,117.88617843379302,11,14,3,8,6,3,0.5714285306122479,0.7272726611570308,0.6399994560003825
Copy of Copy of 700cell_Rank75_Itaconate13_30uM_E9_Tile_89,281,CellProfiler,0.4114893617021277,0.5830569791980705,71.06335201775947,11,19,8,11,8,0,0.5789473379501401,0.9999999090909174,0.7333328200002928
Copy of Copy of 700cell_Rank75_Itaconate13_30uM_E9_Tile_89,281,YOLO,0.3506038361354487,0.5191808682235781,163.5259655142212,11,9,2,7,2,4,0.7777776913580343,0.636363578512402,0.6999994350003561
